0,1525,0
1.0003279763857,1524.99999999984,0
2.0006559527714,1524.99999999745,0
3.0009839291571,1524.99999998708,0
4.0013119055428,1524.99999995917,0
5.0016398819285,1524.99999990032,0
6.0019678583142,1524.9999997933,0
7.0022958346999,1524.99999961706,0
8.0026238110856,1524.99999934672,0
9.0029517874713,1524.99999895356,0
10.003279763857,1524.99999840507,0
11.0036077402427,1524.99999766486,0
12.0039357166284,1524.99999669275,0
13.0042636930141,1524.99999544471,0
14.0045916693998,1524.99999387291,0
15.0049196457855,1524.99999192565,0
16.0052476221712,1524.99998954745,0
17.0055755985569,1524.99998667896,0
18.0059035749426,1524.99998325704,0
19.0062315513283,1524.99997921468,0
20.006559527714,1524.99997448108,0
21.0068875040997,1524.99996898159,0
22.0072154804854,1524.99996263775,0
23.0075434568711,1524.99995536725,0
24.0078714332568,1524.99994708396,0
25.0081994096425,1524.99993769794,0
26.0085273860282,1524.99992711541,0
27.0088553624139,1524.99991523874,0
28.0091833387996,1524.99990196651,0
29.0095113151853,1524.99988719345,0
30.009839291571,1524.99987081046,0
31.0101672679567,1524.99985270462,0
32.0104952443424,1524.99983275919,0
33.0108232207281,1524.99981085359,0
34.0111511971138,1524.99978686341,0
35.0114791734995,1524.99976066043,0
36.0118071498852,1524.99973211257,0
37.0121351262709,1524.99970108395,0
38.0124631026566,1524.99966743486,0
39.0127910790423,1524.99963102175,0
40.013119055428,1524.99959169725,0
41.0134470318137,1524.99954931016,0
42.0137750081994,1524.99950370546,0
43.0141029845851,1524.99945472428,0
44.0144309609708,1524.99940220395,0
45.0147589373565,1524.99934597795,0
46.0150869137422,1524.99928587594,0
47.0154148901279,1524.99922172376,0
48.0157428665136,1524.99915334342,0
49.0160708428993,1524.99908055309,0
50.016398819285,1524.99900316712,0
51.0167267956707,1524.99892099603,0
52.0170547720564,1524.99883384652,0
53.0173827484421,1524.99874152145,0
54.0177107248278,1524.99864381987,0
55.0180387012135,1524.99854053698,0
56.0183666775992,1524.99843146416,0
57.0186946539849,1524.99831638898,0
58.0190226303706,1524.99819509515,0
59.0193506067563,1524.99806736258,0
60.019678583142,1524.99793296734,0
61.0200065595277,1524.99779168167,0
62.0203345359134,1524.99764327399,0
63.0206625122991,1524.99748750888,0
64.0209904886848,1524.99732414711,0
65.0213184650705,1524.99715294561,0
66.0216464414562,1524.99697365748,0
67.0219744178419,1524.996786032,0
68.0223023942276,1524.99658981462,0
69.0226303706133,1524.99638474695,0
70.022958346999,1524.9961705668,0
71.0232863233847,1524.99594700813,0
72.0236142997704,1524.99571380107,0
73.0239422761561,1524.99547067194,0
74.0242702525418,1524.99521734321,0
75.0245982289275,1524.99495353354,0
76.0249262053132,1524.99467895776,0
77.0252541816989,1524.99439332686,0
78.0255821580846,1524.99409634801,0
79.0259101344703,1524.99378772457,0
80.026238110856,1524.99346715603,0
81.0265660872417,1524.99313433809,0
82.0268940636274,1524.99278896261,0
83.0272220400131,1524.99243071762,0
84.0275500163988,1524.99205928732,0
85.0278779927845,1524.99167435209,0
86.0282059691702,1524.99127558848,0
87.0285339455559,1524.9908626692,0
88.0288619219416,1524.99043526314,0
89.0291898983273,1524.98999303538,0
90.029517874713,1524.98953564715,0
91.0298458510987,1524.98906275585,0
92.0301738274844,1524.98857401507,0
93.0305018038701,1524.98806907455,0
94.0308297802558,1524.98754758024,0
95.0311577566415,1524.98700917421,0
96.0314857330272,1524.98645349474,0
97.0318137094129,1524.98588017628,0
98.0321416857986,1524.98528884943,0
99.0324696621843,1524.98467914099,0
100.03279763857,1524.9840506739,0
101.033125614956,1524.98340306731,0
102.033453591341,1524.9827359365,0
103.033781567727,1524.98204889296,0
104.034109544113,1524.98134154434,0
105.034437520499,1524.98061349444,0
106.034765496884,1524.97986434327,0
107.03509347327,1524.97909368699,0
108.035421449656,1524.97830111792,0
109.035749426041,1524.97748622459,0
110.036077402427,1524.97664859166,0
111.036405378813,1524.97578779999,0
112.036733355198,1524.97490342661,0
113.037061331584,1524.9739950447,0
114.03738930797,1524.97306222364,0
115.037717284356,1524.97210452897,0
116.038045260741,1524.9711215224,0
117.038373237127,1524.97011276182,0
118.038701213513,1524.96907780127,0
119.039029189898,1524.968016191,0
120.039357166284,1524.9669274774,0
121.03968514267,1524.96581120305,0
122.040013119055,1524.96466690669,0
123.040341095441,1524.96349412323,0
124.040669071827,1524.96229238378,0
125.040997048213,1524.96106121558,0
126.041325024598,1524.95980014208,0
127.041653000984,1524.95850868288,0
128.04198097737,1524.95718635376,0
129.042308953755,1524.95583266667,0
130.042636930141,1524.95444712973,0
131.042964906527,1524.95302924724,0
132.043292882912,1524.95157851967,0
133.043620859298,1524.95009444364,0
134.043948835684,1524.94857651199,0
135.04427681207,1524.94702421368,0
136.044604788455,1524.94543703388,0
137.044932764841,1524.94381445391,0
138.045260741227,1524.94215595127,0
139.045588717612,1524.94046099964,0
140.045916693998,1524.93872906886,0
141.046244670384,1524.93695962495,0
142.046572646769,1524.93515213009,0
143.046900623155,1524.93330604264,0
144.047228599541,1524.93142081714,0
145.047556575927,1524.9294959043,0
146.047884552312,1524.92753075099,0
147.048212528698,1524.92552480026,0
148.048540505084,1524.92347749133,0
149.048868481469,1524.9213882596,0
150.049196457855,1524.91925653663,0
151.049524434241,1524.91708175016,0
152.049852410626,1524.9148633241,0
153.050180387012,1524.91260067854,0
154.050508363398,1524.91029322972,0
155.050836339784,1524.90794039008,0
156.051164316169,1524.90554156821,0
157.051492292555,1524.90309616889,0
158.051820268941,1524.90060359305,0
159.052148245326,1524.89806323782,0
160.052476221712,1524.89547449648,0
161.052804198098,1524.8928367585,0
162.053132174483,1524.89014940949,0
163.053460150869,1524.88741183127,0
164.053788127255,1524.88462340182,0
165.054116103641,1524.88178349528,0
166.054444080026,1524.87889148197,0
167.054772056412,1524.87594672839,0
168.055100032798,1524.87294859719,0
169.055428009183,1524.86989644723,0
170.055755985569,1524.8667896335,0
171.056083961955,1524.86362750719,0
172.05641193834,1524.86040941565,0
173.056739914726,1524.8571347024,0
174.057067891112,1524.85380270716,0
175.057395867498,1524.85041276578,0
176.057723843883,1524.8469642103,0
177.058051820269,1524.84345636895,0
178.058379796655,1524.83988856611,0
179.05870777304,1524.83626012233,0
180.059035749426,1524.83257035435,0
181.059363725812,1524.82881857508,0
182.059691702197,1524.82500409358,0
183.060019678583,1524.8211262151,0
184.060347654969,1524.81718424107,0
185.060675631355,1524.81317746907,0
186.06100360774,1524.80910519287,0
187.061331584126,1524.8049667024,0
188.061659560512,1524.80076128378,0
189.061987536897,1524.79648821928,0
190.062315513283,1524.79214678736,0
191.062643489669,1524.78773626264,0
192.062971466054,1524.78325591591,0
193.06329944244,1524.77870501415,0
194.063627418826,1524.7740828205,0
195.063955395212,1524.76938859427,0
196.064283371597,1524.76462159094,0
197.064611347983,1524.75978106218,0
198.064939324369,1524.75486625581,0
199.065267300754,1524.74987641584,0
200.06559527714,1524.74481078243,0
201.065923253526,1524.73966859194,0
202.066251229911,1524.73444907689,0
203.066579206297,1524.72915146596,0
204.066907182683,1524.72377498402,0
205.067235159069,1524.7183188521,0
206.067563135454,1524.71278228741,0
207.06789111184,1524.70716450333,0
208.068219088226,1524.70146470941,0
209.068547064611,1524.69568211137,0
210.068875040997,1524.68981591111,0
211.069203017383,1524.6838653067,0
212.069530993768,1524.67782949238,0
213.069858970154,1524.67170765856,0
214.07018694654,1524.66549899182,0
215.070514922926,1524.65920267492,0
216.070842899311,1524.65281788679,0
217.071170875697,1524.64634380253,0
218.071498852083,1524.63977959341,0
219.071826828468,1524.63312442688,0
220.072154804854,1524.62637746656,0
221.07248278124,1524.61953787223,0
222.072810757625,1524.61260479986,0
223.073138734011,1524.60557740158,0
224.073466710397,1524.59845482569,0
225.073794686783,1524.59123621668,0
226.074122663168,1524.5839207152,0
227.074450639554,1524.57650745806,0
228.07477861594,1524.56899557827,0
229.075106592325,1524.56138420498,0
230.075434568711,1524.55367246354,0
231.075762545097,1524.54585947546,0
232.076090521482,1524.53794435842,0
233.076418497868,1524.52992622628,0
234.076746474254,1524.52180418907,0
235.07707445064,1524.51357735298,0
236.077402427025,1524.50524482039,0
237.077730403411,1524.49680568984,0
238.078058379797,1524.48825905604,0
239.078386356182,1524.47960400989,0
240.078714332568,1524.47083963845,0
241.079042308954,1524.46196502495,0
242.079370285339,1524.45297924879,0
243.079698261725,1524.44388138555,0
244.080026238111,1524.43467050698,0
245.080354214497,1524.42534568101,0
246.080682190882,1524.41590597172,0
247.081010167268,1524.40635043937,0
248.081338143654,1524.39667814042,0
249.081666120039,1524.38688812747,0
250.081994096425,1524.3769794493,0
251.082322072811,1524.36695115086,0
252.082650049196,1524.35680227329,0
253.082978025582,1524.34653185387,0
254.083306001968,1524.33613892609,0
255.083633978354,1524.32562251958,0
256.083961954739,1524.31498166016,0
257.084289931125,1524.30421536982,0
258.084617907511,1524.29332266671,0
259.084945883896,1524.28230256517,0
260.085273860282,1524.27115407571,0
261.085601836668,1524.25987620499,0
262.085929813053,1524.24846795586,0
263.086257789439,1524.23692832736,0
264.086585765825,1524.22525631466,0
265.086913742211,1524.21345090913,0
266.087241718596,1524.20151109832,0
267.087569694982,1524.18943586592,0
268.087897671368,1524.17722419182,0
269.088225647753,1524.16487505208,0
270.088553624139,1524.15238741892,0
271.088881600525,1524.13976026073,0
272.08920957691,1524.12699254209,0
273.089537553296,1524.11408322373,0
274.089865529682,1524.10103126258,0
275.090193506068,1524.08783561172,0
276.090521482453,1524.0744952204,0
277.090849458839,1524.06100903406,0
278.091177435225,1524.0473759943,0
279.09150541161,1524.0335950389,0
280.091833387996,1524.01966510179,0
281.092161364382,1524.00558511311,0
282.092489340767,1523.99135399914,0
283.092817317153,1523.97697068235,0
284.093145293539,1523.96243408137,0
285.093473269925,1523.947743111,0
286.09380124631,1523.93289668224,0
287.094129222696,1523.91789370223,0
288.094457199082,1523.90273307429,0
289.094785175467,1523.88741369793,0
290.095113151853,1523.87193446881,0
291.095441128239,1523.85629427877,0
292.095769104624,1523.84049201583,0
293.09609708101,1523.82452656416,0
294.096425057396,1523.80839680414,0
295.096753033782,1523.79210161228,0
296.097081010167,1523.77563986128,0
297.097408986553,1523.75901042004,0
298.097736962939,1523.74221215358,0
299.098064939324,1523.72524392312,0
300.09839291571,1523.70810458606,0
301.098720892096,1523.69079299597,0
302.099048868481,1523.67330800256,0
303.099376844867,1523.65564845176,0
304.099704821253,1523.63781318563,0
305.100032797639,1523.61980104244,0
306.100360774024,1523.6016108566,0
307.10068875041,1523.58324145871,0
308.101016726796,1523.56469167553,0
309.101344703181,1523.54596033002,0
310.101672679567,1523.52704624127,0
311.102000655953,1523.50794822457,0
312.102328632338,1523.48866509138,0
313.102656608724,1523.46919564933,0
314.10298458511,1523.44953870222,0
315.103312561496,1523.42969305001,0
316.103640537881,1523.40965748887,0
317.103968514267,1523.38943081109,0
318.104296490653,1523.36901180518,0
319.104624467038,1523.34839925578,0
320.104952443424,1523.32759194375,0
321.10528041981,1523.30658864608,0
322.105608396195,1523.28538813594,0
323.105936372581,1523.2639891827,0
324.106264348967,1523.24239055187,0
325.106592325353,1523.22059100514,0
326.106920301738,1523.19858930039,0
327.107248278124,1523.17638419164,0
328.10757625451,1523.15397442913,0
329.107904230895,1523.13135875921,0
330.108232207281,1523.10853592446,0
331.108560183667,1523.08550466359,0
332.108888160052,1523.06226371151,0
333.109216136438,1523.03881179929,0
334.109544112824,1523.01514765417,0
335.10987208921,1522.99126999957,0
336.110200065595,1522.96717755508,0
337.110528041981,1522.94286903645,0
338.110856018367,1522.91834315562,0
339.111183994752,1522.8935986207,0
340.111511971138,1522.86863413595,0
341.111839947524,1522.84344840184,0
342.112167923909,1522.81804011498,0
343.112495900295,1522.79240796816,0
344.112823876681,1522.76655065034,0
345.113151853067,1522.74046684668,0
346.113479829452,1522.71415523847,0
347.113807805838,1522.6876145032,0
348.114135782224,1522.66084331452,0
349.114463758609,1522.63384034227,0
350.114791734995,1522.60660425242,0
351.115119711381,1522.57913370717,0
352.115447687767,1522.55142736484,0
353.115775664152,1522.52348387996,0
354.116103640538,1522.49530190322,0
355.116431616924,1522.46688008146,0
356.116759593309,1522.43821705772,0
357.117087569695,1522.40931147122,0
358.117415546081,1522.38016195731,0
359.117743522466,1522.35076714755,0
360.118071498852,1522.32112566966,0
361.118399475238,1522.29123614754,0
362.118727451623,1522.26109720124,0
363.119055428009,1522.230707447,0
364.119383404395,1522.20006549723,0
365.119711380781,1522.16916996051,0
366.120039357166,1522.1380194416,0
367.120367333552,1522.10661254142,0
368.120695309938,1522.07494785707,0
369.121023286323,1522.04302398181,0
370.121351262709,1522.01083950509,0
371.121679239095,1521.97839301252,0
372.12200721548,1521.94568308589,0
373.122335191866,1521.91270830316,0
374.122663168252,1521.87946723845,0
375.122991144638,1521.84595846207,0
376.123319121023,1521.81218054049,0
377.123647097409,1521.77813203637,0
378.123975073795,1521.74381150851,0
379.12430305018,1521.70921751191,0
380.124631026566,1521.67434859774,0
381.124959002952,1521.63920331332,0
382.125286979337,1521.60378020217,0
383.125614955723,1521.56807780397,0
384.125942932109,1521.53209465456,0
385.126270908495,1521.49582928597,0
386.12659888488,1521.4592802264,0
387.126926861266,1521.42244600022,0
388.127254837652,1521.38532512797,0
389.127582814037,1521.34791612635,0
390.127910790423,1521.31021750826,0
391.128238766809,1521.27222778275,0
392.128566743194,1521.23394545505,0
393.12889471958,1521.19536902656,0
394.129222695966,1521.15649699485,0
395.129550672352,1521.11732785368,0
396.129878648737,1521.07786009295,0
397.130206625123,1521.03809219877,0
398.130534601509,1520.99802265338,0
399.130862577894,1520.95764993523,0
400.13119055428,1520.91697251892,0
401.131518530666,1520.87598887523,0
402.131846507051,1520.83469747111,0
403.132174483437,1520.79309676968,0
404.132502459823,1520.75118523025,0
405.132830436209,1520.70896130827,0
406.133158412594,1520.66642345538,0
407.13348638898,1520.6235701194,0
408.133814365366,1520.58039974431,0
409.134142341751,1520.53691077027,0
410.134470318137,1520.49310163361,0
411.134798294523,1520.44897076682,0
412.135126270908,1520.40451659857,0
413.135454247294,1520.35973755372,0
414.13578222368,1520.31463205328,0
415.136110200066,1520.26919851443,0
416.136438176451,1520.22343535054,0
417.136766152837,1520.17734097115,0
418.137094129223,1520.13091378195,0
419.137422105608,1520.08415218482,0
420.137750081994,1520.03705457782,0
421.13807805838,1519.98961935517,0
422.138406034765,1519.94184490726,0
423.138734011151,1519.89372962065,0
424.139061987537,1519.84527187809,0
425.139389963923,1519.79647005848,0
426.139717940308,1519.74732253691,0
427.140045916694,1519.69782768464,0
428.14037389308,1519.64798386908,0
429.140701869465,1519.59778945384,0
430.141029845851,1519.54724279869,0
431.141357822237,1519.49634225958,0
432.141685798623,1519.44508618861,0
433.142013775008,1519.39347293408,0
434.142341751394,1519.34150084045,0
435.14266972778,1519.28916824835,0
436.142997704165,1519.23647349458,0
437.143325680551,1519.18341491212,0
438.143653656937,1519.12999083012,0
439.143981633322,1519.0761995739,0
440.144309609708,1519.02203946495,0
441.144637586094,1518.96750882094,0
442.14496556248,1518.9126059557,0
443.145293538865,1518.85732917924,0
444.145621515251,1518.80167679775,0
445.145949491637,1518.74564711358,0
446.146277468022,1518.68923842526,0
447.146605444408,1518.63244902748,0
448.146933420794,1518.57527721111,0
449.147261397179,1518.51772126319,0
450.147589373565,1518.45977946695,0
451.147917349951,1518.40145010176,0
452.148245326337,1518.34273144319,0
453.148573302722,1518.28362176297,0
454.148901279108,1518.22411932899,0
455.149229255494,1518.16422240535,0
456.149557231879,1518.10392925227,0
457.149885208265,1518.04323812619,0
458.150213184651,1517.98214727969,0
459.150541161036,1517.92065496153,0
460.150869137422,1517.85875941667,0
461.151197113808,1517.79645888619,0
462.151525090193,1517.73375160739,0
463.151853066579,1517.67063581372,0
464.152181042965,1517.60710973479,0
465.152509019351,1517.54317159642,0
466.152836995736,1517.47881962056,0
467.153164972122,1517.41405202535,0
468.153492948508,1517.34886702512,0
469.153820924893,1517.28326283035,0
470.154148901279,1517.21723764769,0
471.154476877665,1517.15078967998,0
472.15480485405,1517.08391712621,0
473.155132830436,1517.01661818157,0
474.155460806822,1516.94889103739,0
475.155788783208,1516.8807338812,0
476.156116759593,1516.81214489668,0
477.156444735979,1516.74312226371,0
478.156772712365,1516.67366415831,0
479.15710068875,1516.60376875269,0
480.157428665136,1516.53343421523,0
481.157756641522,1516.46265871049,0
482.158084617907,1516.39144039918,0
483.158412594293,1516.31977743821,0
484.158740570679,1516.24766798063,0
485.159068547065,1516.1751101757,0
486.15939652345,1516.10210216882,0
487.159724499836,1516.02864210158,0
488.160052476222,1515.95472811173,0
489.160380452607,1515.88035833321,0
490.160708428993,1515.80553089611,0
491.161036405379,1515.73024392671,0
492.161364381764,1515.65449554745,0
493.16169235815,1515.57828387695,0
494.162020334536,1515.50160703,0
495.162348310922,1515.42446311756,0
496.162676287307,1515.34685024677,0
497.163004263693,1515.26876652093,0
498.163332240079,1515.19021003952,0
499.163660216464,1515.11117889819,0
500.16398819285,1515.03167118877,0
501.164316169236,1514.95168499924,0
502.164644145621,1514.87121841378,0
503.164972122007,1514.79026951272,0
504.165300098393,1514.70883637258,0
505.165628074779,1514.62691706603,0
506.165956051164,1514.54450966194,0
507.16628402755,1514.46161222534,0
508.166612003936,1514.37822281741,0
509.166939980321,1514.29433949554,0
510.167267956707,1514.20996031327,0
511.167595933093,1514.12508332031,0
512.167923909479,1514.03970656256,0
513.168251885864,1513.95382808207,0
514.16857986225,1513.86744591707,0
515.168907838636,1513.78055810198,0
516.169235815021,1513.69316266737,0
517.169563791407,1513.60525763999,0
518.169891767793,1513.51684104275,0
519.170219744178,1513.42791089476,0
520.170547720564,1513.33846521128,0
521.17087569695,1513.24850200375,0
522.171203673336,1513.15801927978,0
523.171531649721,1513.06701504315,0
524.171859626107,1512.97548729381,0
525.172187602492,1512.88343402789,0
526.172515578878,1512.7908532377,0
527.172843555264,1512.69774291169,0
528.17317153165,1512.60410103452,0
529.173499508035,1512.509925587,0
530.173827484421,1512.41521454611,0
531.174155460807,1512.31996588503,0
532.174483437192,1512.22417757307,0
533.174811413578,1512.12784757574,0
534.175139389964,1512.03097385473,0
535.17546736635,1511.93355436787,0
536.175795342735,1511.83558706919,0
537.176123319121,1511.73706990887,0
538.176451295507,1511.6380008333,0
539.176779271892,1511.53837778499,0
540.177107248278,1511.43819870267,0
541.177435224664,1511.33746152121,0
542.17776320105,1511.23616417166,0
543.178091177435,1511.13430458125,0
544.178419153821,1511.03188067339,0
545.178747130206,1510.92889036763,0
546.179075106592,1510.82533157972,0
547.179403082978,1510.72120222158,0
548.179731059364,1510.61650020129,0
549.180059035749,1510.51122342311,0
550.180387012135,1510.40536978747,0
551.180714988521,1510.29893719098,0
552.181042964907,1510.1919235264,0
553.181370941292,1510.08432668269,0
554.181698917678,1509.97614454497,0
555.182026894064,1509.86737499452,0
556.182354870449,1509.75801590881,0
557.182682846835,1509.64806516148,0
558.183010823221,1509.53752062233,0
559.183338799606,1509.42638015735,0
560.183666775992,1509.31464162868,0
561.183994752378,1509.20230289465,0
562.184322728764,1509.08936180977,0
563.184650705149,1508.97581622469,0
564.184978681535,1508.86166398625,0
565.185306657921,1508.74690293748,0
566.185634634306,1508.63153091756,0
567.185962610692,1508.51554576183,0
568.186290587078,1508.39894530185,0
569.186618563463,1508.28172736529,0
570.186946539849,1508.16388977605,0
571.187274516235,1508.04543035416,0
572.187602492621,1507.92634691584,0
573.187930469006,1507.80663727349,0
574.188258445392,1507.68629923566,0
575.188586421778,1507.5653306071,0
576.188914398163,1507.4437291887,0
577.189242374549,1507.32149277755,0
578.189570350935,1507.1986191669,0
579.18989832732,1507.07510614617,0
580.190226303706,1506.95095150096,0
581.190554280092,1506.82615301303,0
582.190882256477,1506.70070846033,0
583.191210232863,1506.57461561697,0
584.191538209249,1506.44787225322,0
585.191866185635,1506.32047613556,0
586.19219416202,1506.1924250266,0
587.192522138406,1506.06371668514,0
588.192850114792,1505.93434886617,0
589.193178091177,1505.80431932082,0
590.193506067563,1505.67362579641,0
591.193834043949,1505.54226603644,0
592.194162020334,1505.41023778056,0
593.19448999672,1505.2775387646,0
594.194817973106,1505.14416672058,0
595.195145949492,1505.01011937666,0
596.195473925877,1504.87539445721,0
597.195801902263,1504.73998968274,0
598.196129878649,1504.60390276994,0
599.196457855034,1504.4671314317,0
600.19678583142,1504.32967337703,0
601.197113807806,1504.19152631115,0
602.197441784192,1504.05268793546,0
603.197769760577,1503.91315594749,0
604.198097736963,1503.77292804099,0
605.198425713349,1503.63200190584,0
606.198753689734,1503.49037522813,0
607.19908166612,1503.34804569008,0
608.199409642506,1503.20501097013,0
609.199737618892,1503.06126874286,0
610.200065595277,1502.91681667903,0
611.200393571663,1502.77165244557,0
612.200721548048,1502.62577370559,0
613.201049524434,1502.47917811836,0
614.20137750082,1502.33186333934,0
615.201705477206,1502.18382702013,0
616.202033453591,1502.03506680855,0
617.202361429977,1501.88558034855,0
618.202689406363,1501.73536528027,0
619.203017382748,1501.58441924002,0
620.203345359134,1501.43273986028,0
621.20367333552,1501.28032476971,0
622.204001311905,1501.12717159313,0
623.204329288291,1500.97327795154,0
624.204657264677,1500.81864146212,0
625.204985241063,1500.6632597382,0
626.205313217448,1500.5071303893,0
627.205641193834,1500.35025102111,0
628.20596917022,1500.19261923549,0
629.206297146605,1500.03423263046,0
630.206625122991,1499.87508880024,0
631.206953099377,1499.71518533519,0
632.207281075762,1499.55451982187,0
633.207609052148,1499.39308984299,0
634.207937028534,1499.23089297745,0
635.20826500492,1499.06792680032,0
636.208592981305,1498.90418888282,0
637.208920957691,1498.73967679238,0
638.209248934077,1498.57438809256,0
639.209576910462,1498.40832034312,0
640.209904886848,1498.24147109999,0
641.210232863234,1498.07383791526,0
642.210560839619,1497.90541833721,0
643.210888816005,1497.73620991028,0
644.211216792391,1497.56621017507,0
645.211544768777,1497.39541666838,0
646.211872745162,1497.22382692317,0
647.212200721548,1497.05143846856,0
648.212528697934,1496.87824882985,0
649.212856674319,1496.70425552853,0
650.213184650705,1496.52945608224,0
651.213512627091,1496.35384800479,0
652.213840603477,1496.17742880619,0
653.214168579862,1496.00019599258,0
654.214496556248,1495.82214706632,0
655.214824532634,1495.6432795259,0
656.215152509019,1495.46359086601,0
657.215480485405,1495.28307857749,0
658.215808461791,1495.10174014737,0
659.216136438176,1494.91957305886,0
660.216464414562,1494.73657479131,0
661.216792390948,1494.55274282026,0
662.217120367333,1494.36807461744,0
663.217448343719,1494.18256765072,0
664.217776320105,1493.99621938417,0
665.218104296491,1493.809027278,0
666.218432272876,1493.62098878863,0
667.218760249262,1493.43210136863,0
668.219088225648,1493.24236246673,0
669.219416202033,1493.05176952787,0
670.219744178419,1492.86031999313,0
671.220072154805,1492.66801129977,0
672.220400131191,1492.47484088123,0
673.220728107576,1492.28080616711,0
674.221056083962,1492.0859045832,0
675.221384060348,1491.89013355144,0
676.221712036733,1491.69349048995,0
677.222040013119,1491.49597281304,0
678.222367989505,1491.29757793116,0
679.22269596589,1491.09830325097,0
680.223023942276,1490.89814617526,0
681.223351918662,1490.69710410303,0
682.223679895048,1490.49517442944,0
683.224007871433,1490.29235454579,0
684.224335847819,1490.08864183961,0
685.224663824205,1489.88403369456,0
686.22499180059,1489.67852749049,0
687.225319776976,1489.47212060341,0
688.225647753362,1489.26481040551,0
689.225975729747,1489.05659426516,0
690.226303706133,1488.84746954688,0
691.226631682519,1488.63743361139,0
692.226959658905,1488.42648381555,0
693.22728763529,1488.21461751243,0
694.227615611676,1488.00183205123,0
695.227943588062,1487.78812477737,0
696.228271564447,1487.57349303239,0
697.228599540833,1487.35793415405,0
698.228927517219,1487.14144547625,0
699.229255493604,1486.92402432907,0
700.22958346999,1486.70566803877,0
701.229911446376,1486.48637392778,0
702.230239422762,1486.26613931469,0
703.230567399147,1486.04496151428,0
704.230895375533,1485.82283783749,0
705.231223351919,1485.59976559144,0
706.231551328304,1485.37574207941,0
707.23187930469,1485.15076460087,0
708.232207281076,1484.92483045145,0
709.232535257461,1484.69793692294,0
710.232863233847,1484.47008130334,0
711.233191210233,1484.24126087678,0
712.233519186619,1484.01147292358,0
713.233847163004,1483.78071472025,0
714.23417513939,1483.54898353945,0
715.234503115776,1483.31627665001,0
716.234831092161,1483.08259131694,0
717.235159068547,1482.84792480142,0
718.235487044933,1482.61227436082,0
719.235815021318,1482.37563724864,0
720.236142997704,1482.13801071461,0
721.23647097409,1481.89939200457,0
722.236798950476,1481.65977836058,0
723.237126926861,1481.41916702085,0
724.237454903247,1481.17755521977,0
725.237782879633,1480.93494018789,0
726.238110856018,1480.69131915195,0
727.238438832404,1480.44668933485,0
728.23876680879,1480.20104795567,0
729.239094785175,1479.95439222965,0
730.239422761561,1479.70671936822,0
731.239750737947,1479.45802657896,0
732.240078714333,1479.20831106564,0
733.240406690718,1478.9575700282,0
734.240734667104,1478.70580066274,0
735.24106264349,1478.45300016155,0
736.241390619875,1478.19916571307,0
737.241718596261,1477.94429450194,0
738.242046572647,1477.68838370895,0
739.242374549032,1477.43143051107,0
740.242702525418,1477.17343208144,0
741.243030501804,1476.91438558937,0
742.24335847819,1476.65428820035,0
743.243686454575,1476.39313707605,0
744.244014430961,1476.13092937428,0
745.244342407347,1475.86766224905,0
746.244670383732,1475.60333285053,0
747.244998360118,1475.33793832508,0
748.245326336504,1475.0714758152,0
749.245654312889,1474.8039424596,0
750.245982289275,1474.53533539314,0
751.246310265661,1474.26565174684,0
752.246638242047,1473.99488864792,0
753.246966218432,1473.72304321975,0
754.247294194818,1473.45011258189,0
755.247622171204,1473.17609385007,0
756.247950147589,1472.90098413617,0
757.248278123975,1472.62478054827,0
758.248606100361,1472.3474801906,0
759.248934076746,1472.06908016359,0
760.249262053132,1471.78957756381,0
761.249590029518,1471.50896948401,0
762.249918005904,1471.22725301314,0
763.250245982289,1470.94442523629,0
764.250573958675,1470.66048323473,0
765.250901935061,1470.37542408592,0
766.251229911446,1470.08924486345,0
767.251557887832,1469.80194263714,0
768.251885864218,1469.51351447294,0
769.252213840604,1469.22395743297,0
770.252541816989,1468.93326857556,0
771.252869793375,1468.64144495518,0
772.253197769761,1468.34848362247,0
773.253525746146,1468.05438162427,0
774.253853722532,1467.75913600356,0
775.254181698918,1467.46274379951,0
776.254509675303,1467.16520204747,0
777.254837651689,1466.86650777894,0
778.255165628075,1466.56665802161,0
779.25549360446,1466.26564979933,0
780.255821580846,1465.96348013213,0
781.256149557232,1465.66014603621,0
782.256477533617,1465.35564452395,0
783.256805510003,1465.04997260389,0
784.257133486389,1464.74312728074,0
785.257461462775,1464.43510555539,0
786.25778943916,1464.12590442491,0
787.258117415546,1463.81552088252,0
788.258445391932,1463.50395191764,0
789.258773368318,1463.19119451583,0
790.259101344703,1462.87724565886,0
791.259429321089,1462.56210232463,0
792.259757297474,1462.24576148725,0
793.26008527386,1461.92822011699,0
794.260413250246,1461.60947518027,0
795.260741226632,1461.28952363971,0
796.261069203017,1460.96836245409,0
797.261397179403,1460.64598857836,0
798.261725155789,1460.32239896367,0
799.262053132175,1459.99759055729,0
800.26238110856,1459.67156030271,0
801.262709084946,1459.34430513956,0
802.263037061331,1459.01582200367,0
803.263365037717,1458.68610782701,0
804.263693014103,1458.35515953776,0
805.264020990489,1458.02297406023,0
806.264348966874,1457.68954831494,0
807.26467694326,1457.35487921857,0
808.265004919646,1457.01896368395,0
809.265332896031,1456.68179862012,0
810.265660872417,1456.34338093226,0
811.265988848803,1456.00370752174,0
812.266316825188,1455.66277528609,0
813.266644801574,1455.32058111903,0
814.26697277796,1454.97712191043,0
815.267300754346,1454.63239454636,0
816.267628730731,1454.28639590903,0
817.267956707117,1453.93912287684,0
818.268284683503,1453.59057232437,0
819.268612659889,1453.24074112235,0
820.268940636274,1452.88962613771,0
821.26926861266,1452.53722423352,0
822.269596589045,1452.18353226905,0
823.269924565431,1451.82854709972,0
824.270252541817,1451.47226557714,0
825.270580518203,1451.11468454909,0
826.270908494588,1450.75580085951,0
827.271236470974,1450.39561134852,0
828.27156444736,1450.03411285241,0
829.271892423745,1449.67130220365,0
830.272220400131,1449.30717623088,0
831.272548376517,1448.94173175889,0
832.272876352902,1448.57496560868,0
833.273204329288,1448.20687459739,0
834.273532305674,1447.83745553835,0
835.27386028206,1447.46670524105,0
836.274188258445,1447.09462051117,0
837.274516234831,1446.72119815054,0
838.274844211217,1446.34643495719,0
839.275172187602,1445.97032772528,0
840.275500163988,1445.59287324519,0
841.275828140374,1445.21406830344,0
842.276156116759,1444.83390968274,0
843.276484093145,1444.45239416195,0
844.276812069531,1444.06951851612,0
845.277140045917,1443.68527951648,0
846.277468022302,1443.29967393041,0
847.277795998688,1442.91269852148,0
848.278123975074,1442.52435004942,0
849.278451951459,1442.13462527013,0
850.278779927845,1441.7435209357,0
851.279107904231,1441.35103379438,0
852.279435880616,1440.9571605906,0
853.279763857002,1440.56189806494,0
854.280091833388,1440.16524295417,0
855.280419809774,1439.76719199124,0
856.28074778616,1439.36774190526,0
857.281075762545,1438.96688942151,0
858.281403738931,1438.56463126145,0
859.281731715316,1438.16096414271,0
860.282059691702,1437.75588477908,0
861.282387668088,1437.34938988055,0
862.282715644474,1436.94147615325,0
863.283043620859,1436.53214029951,0
864.283371597245,1436.12137901781,0
865.283699573631,1435.70918900281,0
866.284027550016,1435.29556694535,0
867.284355526402,1434.88050953244,0
868.284683502788,1434.46401344725,0
869.285011479173,1434.04607536913,0
870.285339455559,1433.62669197361,0
871.285667431945,1433.20585993238,0
872.285995408331,1432.78357591331,0
873.286323384716,1432.35983658043,0
874.286651361102,1431.93463859396,0
875.286979337488,1431.50797861028,0
876.287307313873,1431.07985328194,0
877.287635290259,1430.65025925768,0
878.287963266645,1430.21919318239,0
879.28829124303,1429.78665169715,0
880.288619219416,1429.35263143919,0
881.288947195802,1428.91712904194,0
882.289275172188,1428.48014113499,0
883.289603148573,1428.04166434409,0
884.289931124959,1427.60169529117,0
885.290259101345,1427.16023059435,0
886.29058707773,1426.7172668679,0
887.290915054116,1426.27280072226,0
888.291243030502,1425.82682876407,0
889.291571006887,1425.37934759611,0
890.291898983273,1424.93035381734,0
891.292226959659,1424.47984402292,0
892.292554936045,1424.02781480414,0
893.29288291243,1423.57426274849,0
894.293210888816,1423.11918443962,0
895.293538865202,1422.66257645736,0
896.293866841587,1422.20443537772,0
897.294194817973,1421.74475777285,0
898.294522794359,1421.2835402111,0
899.294850770744,1420.82077925699,0
900.29517874713,1420.3564714712,0
901.295506723516,1419.8906134106,0
902.295834699902,1419.42320162822,0
903.296162676287,1418.95423267325,0
904.296490652673,1418.48370309109,0
905.296818629059,1418.01160942326,0
906.297146605444,1417.5379482075,0
907.29747458183,1417.0627159777,0
908.297802558216,1416.58590926391,0
909.298130534601,1416.10752459239,0
910.298458510987,1415.62755848553,0
911.298786487373,1415.14600746192,0
912.299114463759,1414.66286803631,0
913.299442440144,1414.17813671963,0
914.29977041653,1413.69181001897,0
915.300098392916,1413.2038844376,0
916.300426369301,1412.71435647497,0
917.300754345687,1412.2232226267,0
918.301082322073,1411.73047938455,0
919.301410298458,1411.23612323651,0
920.301738274844,1410.74015066668,0
921.30206625123,1410.24255815539,0
922.302394227616,1409.7433421791,0
923.302722204001,1409.24249921046,0
924.303050180387,1408.74002571828,0
925.303378156773,1408.23591816757,0
926.303706133158,1407.73017301948,0
927.304034109544,1407.22278673135,0
928.30436208593,1406.71375575669,0
929.304690062315,1406.20307654518,0
930.305018038701,1405.69074554266,0
931.305346015087,1405.17675919117,0
932.305673991473,1404.6611139289,0
933.306001967858,1404.14380619022,0
934.306329944244,1403.62483240567,0
935.30665792063,1403.10418900196,0
936.306985897015,1402.58187240198,0
937.307313873401,1402.05787902479,0
938.307641849787,1401.53220528561,0
939.307969826172,1401.00484759585,0
940.308297802558,1400.47580236307,0
941.308625778944,1399.94506599104,0
942.30895375533,1399.41263487965,0
943.309281731715,1398.87850542502,0
944.309609708101,1398.34267401939,0
945.309937684487,1397.8051370512,0
946.310265660872,1397.26589090506,0
947.310593637258,1396.72493196174,0
948.310921613644,1396.18225659821,0
949.311249590029,1395.63786118757,0
950.311577566415,1395.09174209914,0
951.311905542801,1394.54389569836,0
952.312233519187,1393.9943183469,0
953.312561495572,1393.44300640254,0
954.312889471958,1392.88995621929,0
955.313217448344,1392.3351641473,0
956.313545424729,1391.77862653289,0
957.313873401115,1391.22033971856,0
958.314201377501,1390.660300043,0
959.314529353886,1390.09850384103,0
960.314857330272,1389.53494744369,0
961.315185306658,1388.96962717816,0
962.315513283044,1388.40253936779,0
963.315841259429,1387.83368033213,0
964.316169235815,1387.26304638688,0
965.316497212201,1386.69063384392,0
966.316825188586,1386.1164390113,0
967.317153164972,1385.54045819323,0
968.317481141358,1384.96268769012,0
969.317809117743,1384.38312379853,0
970.318137094129,1383.8017628112,0
971.318465070515,1383.21860101704,0
972.318793046901,1382.63363470113,0
973.319121023286,1382.04686014473,0
974.319448999672,1381.45827362526,0
975.319776976057,1380.86787141633,0
976.320104952443,1380.27564978771,0
977.320432928829,1379.68160500533,0
978.320760905215,1379.08573333133,0
979.321088881601,1378.48803102397,0
980.321416857986,1377.88849433773,0
981.321744834372,1377.28711952324,0
982.322072810758,1376.6839028273,0
983.322400787143,1376.07884049289,0
984.322728763529,1375.47192875915,0
985.323056739915,1374.86316386142,0
986.3233847163,1374.25254203117,0
987.323712692686,1373.64005949608,0
988.324040669072,1373.02571247999,0
989.324368645458,1372.4094972029,0
990.324696621843,1371.79140988099,0
991.325024598229,1371.17144672663,0
992.325352574614,1370.54960394833,0
993.325680551,1369.92587775079,0
994.326008527386,1369.30026433489,0
995.326336503772,1368.67275989767,0
996.326664480157,1368.04336063234,0
997.326992456543,1367.4120627283,0
998.327320432929,1366.77886237109,0
999.327648409315,1366.14375574245,0
1000.3279763857,1365.50673902028,0
1001.32830436209,1364.86780837866,0
1002.32863233847,1364.22695998784,0
1003.32896031486,1363.58419001424,0
1004.32928829124,1362.93949462044,0
1005.32961626763,1362.29286996522,0
1006.32994424401,1361.64431220351,0
1007.3302722204,1360.99381748642,0
1008.33060019679,1360.34138196123,0
1009.33092817317,1359.68700177139,0
1010.33125614956,1359.03067305653,0
1011.33158412594,1358.37239195244,0
1012.33191210233,1357.71215459109,0
1013.33224007871,1357.04995710064,0
1014.3325680551,1356.38579560538,0
1015.33289603149,1355.7196662258,0
1016.33322400787,1355.05156507857,0
1017.33355198426,1354.38148827652,0
1018.33387996064,1353.70943192864,0
1019.33420793703,1353.03539214011,0
1020.33453591341,1352.35936501228,0
1021.3348638898,1351.68134664266,0
1022.33519186619,1351.00133312495,0
1023.33551984257,1350.31932054902,0
1024.33584781896,1349.63530500088,0
1025.33617579534,1348.94928256277,0
1026.33650377173,1348.26124931304,0
1027.33683174811,1347.57120132626,0
1028.3371597245,1346.87913467315,0
1029.33748770089,1346.18504542061,0
1030.33781567727,1345.48892963169,0
1031.33814365366,1344.79078336566,0
1032.33847163004,1344.09060267791,0
1033.33879960643,1343.38838362003,0
1034.33912758281,1342.68412223978,0
1035.3394555592,1341.97781458108,0
1036.33978353559,1341.26945668405,0
1037.34011151197,1340.55904458495,0
1038.34043948836,1339.84657431623,0
1039.34076746474,1339.1320419065,0
1040.34109544113,1338.41544338056,0
1041.34142341751,1337.69677475937,0
1042.3417513939,1336.97603206006,0
1043.34207937029,1336.25321129593,0
1044.34240734667,1335.52830847648,0
1045.34273532306,1334.80131960734,0
1046.34306329944,1334.07224069035,0
1047.34339127583,1333.34106772349,0
1048.34371925221,1332.60779670094,0
1049.3440472286,1331.87242361303,0
1050.34437520498,1331.13494444627,0
1051.34470318137,1330.39535518335,0
1052.34503115776,1329.65365180312,0
1053.34535913414,1328.90983028062,0
1054.34568711053,1328.16388658704,0
1055.34601508691,1327.41581668975,0
1056.3463430633,1326.66561655231,0
1057.34667103969,1325.91328213442,0
1058.34699901607,1325.15880939197,0
1059.34732699246,1324.40219427703,0
1060.34765496884,1323.64343273783,0
1061.34798294523,1322.88252071878,0
1062.34831092161,1322.11945416045,0
1063.348638898,1321.35422899959,0
1064.34896687438,1320.58684116912,0
1065.34929485077,1319.81728659814,0
1066.34962282716,1319.04556121191,0
1067.34995080354,1318.27166093188,0
1068.35027877993,1317.49558167565,0
1069.35060675631,1316.717319357,0
1070.3509347327,1315.93686988589,0
1071.35126270908,1315.15422916845,0
1072.35159068547,1314.36939310698,0
1073.35191866186,1313.58235759994,0
1074.35224663824,1312.79311854199,0
1075.35257461463,1312.00167182393,0
1076.35290259101,1311.20801333276,0
1077.3532305674,1310.41213895163,0
1078.35355854378,1309.61404455988,0
1079.35388652017,1308.81372603301,0
1080.35421449656,1308.01117924269,0
1081.35454247294,1307.20640005678,0
1082.35487044933,1306.3993843393,0
1083.35519842571,1305.59012795044,0
1084.3555264021,1304.77862674656,0
1085.35585437848,1303.9648765802,0
1086.35618235487,1303.14887330007,0
1087.35651033126,1302.33061275106,0
1088.35683830764,1301.51009077421,0
1089.35716628403,1300.68730320676,0
1090.35749426041,1299.86224588209,0
1091.3578222368,1299.03491462979,0
1092.35815021318,1298.20530527559,0
1093.35847818957,1297.37341364141,0
1094.35880616596,1296.53923554533,0
1095.35913414234,1295.70276680161,0
1096.35946211873,1294.86400322069,0
1097.35979009511,1294.02294060917,0
1098.3601180715,1293.17957476981,0
1099.36044604788,1292.33390150158,0
1100.36077402427,1291.48591659959,0
1101.36110200066,1290.63561585513,0
1102.36142997704,1289.78299505566,0
1103.36175795343,1288.92804998483,0
1104.36208592981,1288.07077642244,0
1105.3624139062,1287.21117014447,0
1106.36274188258,1286.34922692307,0
1107.36306985897,1285.48494252656,0
1108.36339783536,1284.61831271946,0
1109.36372581174,1283.74933326241,0
1110.36405378813,1282.87799991228,0
1111.36438176451,1282.00430842206,0
1112.3647097409,1281.12825454094,0
1113.36503771728,1280.24983401429,0
1114.36536569367,1279.36904258363,0
1115.36569367006,1278.48587598667,0
1116.36602164644,1277.60032995727,0
1117.36634962283,1276.71240022549,0
1118.36667759921,1275.82208251754,0
1119.3670055756,1274.92937255581,0
1120.36733355198,1274.03426605888,0
1121.36766152837,1273.13675874146,0
1122.36798950476,1272.23684631447,0
1123.36831748114,1271.334524485,0
1124.36864545753,1270.42978895628,0
1125.36897343391,1269.52263542775,0
1126.3693014103,1268.61305959499,0
1127.36962938668,1267.70105714979,0
1128.36995736307,1266.78662378007,0
1129.37028533946,1265.86975516995,0
1130.37061331584,1264.95044699972,0
1131.37094129223,1264.02869494583,0
1132.37126926861,1263.10449468091,0
1133.371597245,1262.17784187376,0
1134.37192522138,1261.24873218936,0
1135.37225319777,1260.31716128885,0
1136.37258117416,1259.38312482954,0
1137.37290915054,1258.44661846493,0
1138.37323712693,1257.50763784468,0
1139.37356510331,1256.56617861463,0
1140.3738930797,1255.62223641677,0
1141.37422105608,1254.67580688929,0
1142.37454903247,1253.72688566654,0
1143.37487700886,1252.77546837903,0
1144.37520498524,1251.82155065348,0
1145.37553296163,1250.86512811273,0
1146.37586093801,1249.90619637584,0
1147.3761889144,1248.94475105801,0
1148.37651689078,1247.98078777062,0
1149.37684486717,1247.01430212124,0
1150.37717284356,1246.04528971359,0
1151.38062684487,1245.06893477405,0
1152.38408084618,1244.08651558406,0
1153.38753484749,1243.09807026993,0
1154.3909888488,1242.10363695794,0
1155.39444285011,1241.10325377439,0
1156.39789685143,1240.09695884557,0
1157.40135085274,1239.08479029779,0
1158.40480485405,1238.06678625733,0
1159.40825885536,1237.0429848505,0
1160.41171285667,1236.01342420358,0
1161.41516685799,1234.97814244289,0
1162.4186208593,1233.9371776947,0
1163.42207486061,1232.89056808532,0
1164.42552886192,1231.83835174104,0
1165.42898286323,1230.78056678817,0
1166.43243686455,1229.71725135298,0
1167.43589086586,1228.64844356179,0
1168.43934486717,1227.57418154088,0
1169.44279886848,1226.49450341656,0
1170.44625286979,1225.40944731511,0
1171.44970687111,1224.31905136284,0
1172.45316087242,1223.22335368604,0
1173.45661487373,1222.122392411,0
1174.46006887504,1221.01620566402,0
1175.46352287635,1219.9048315714,0
1176.46697687766,1218.78830825944,0
1177.47043087898,1217.66667385442,0
1178.47388488029,1216.53996648265,0
1179.4773388816,1215.40822427042,0
1180.48079288291,1214.27148534402,0
1181.48424688422,1213.12978782976,0
1182.48770088554,1211.98316985393,0
1183.49115488685,1210.83166954282,0
1184.49460888816,1209.67532502273,0
1185.49806288947,1208.51417441996,0
1186.50151689078,1207.34825586079,0
1187.5049708921,1206.17760747154,0
1188.50842489341,1205.00226737849,0
1189.51187889472,1203.82227370794,0
1190.51533289603,1202.63766458618,0
1191.51878689734,1201.44847813952,0
1192.52224089866,1200.25475249424,0
1193.52569489997,1199.05652577664,0
1194.52914890128,1197.85383611302,0
1195.53260290259,1196.64672162968,0
1196.5360569039,1195.43522045291,0
1197.53951090521,1194.219370709,0
1198.54296490653,1192.99921052426,0
1199.54641890784,1191.77477802497,0
1200.54987290915,1190.54611133744,0
1201.55332691046,1189.31324858796,0
1202.55678091177,1188.07622790282,0
1203.56023491309,1186.83508740833,0
1204.5636889144,1185.58986523077,0
1205.56714291571,1184.34059949644,0
1206.57059691702,1183.08732833164,0
1207.57405091833,1181.83008986267,0
1208.57750491965,1180.56892221582,0
1209.58095892096,1179.30386351739,0
1210.58441292227,1178.03495189366,0
1211.58786692358,1176.76222547095,0
1212.59132092489,1175.48572237554,0
1213.59477492621,1174.20548073373,0
1214.59822892752,1172.92153867181,0
1215.60168292883,1171.63393431609,0
1216.60513693014,1170.34270579285,0
1217.60859093145,1169.0478912284,0
1218.61204493276,1167.74952874903,0
1219.61549893408,1166.44765648103,0
1220.61895293539,1165.1423125507,0
1221.6224069367,1163.83353508434,0
1222.62586093801,1162.52136220824,0
1223.62931493932,1161.20583204871,0
1224.63276894064,1159.88698273202,0
1225.63622294195,1158.56485238449,0
1226.63967694326,1157.2394791324,0
1227.64313094457,1155.91090110205,0
1228.64658494588,1154.57915641974,0
1229.6500389472,1153.24428321177,0
1230.65349294851,1151.90631960442,0
1231.65694694982,1150.565303724,0
1232.66040095113,1149.2212736968,0
1233.66385495244,1147.87426764912,0
1234.66730895376,1146.52432370725,0
1235.67076295507,1145.17147999749,0
1236.67421695638,1143.81577464613,0
1237.67767095769,1142.45724577948,0
1238.681124959,1141.09593152382,0
1239.68457896031,1139.73187000545,0
1240.68803296163,1138.36509935067,0
1241.69148696294,1136.99565768578,0
1242.69494096425,1135.62358313706,0
1243.69839496556,1134.24891383083,0
1244.70184896687,1132.87168789336,0
1245.70530296819,1131.49194345096,0
1246.7087569695,1130.10971862992,0
1247.71221097081,1128.72505155654,0
1248.71566497212,1127.33798035712,0
1249.71911897343,1125.94854315795,0
1250.72257297475,1124.55677808532,0
1251.72602697606,1123.16272326554,0
1252.72948097737,1121.76641682489,0
1253.73293497868,1120.36789688968,0
1254.73638897999,1118.9672015862,0
1255.73984298131,1117.56436904075,0
1256.74329698262,1116.15943737962,0
1257.74675098393,1114.7524447291,0
1258.75020498524,1113.3434292155,0
1259.75365898655,1111.93242896511,0
1260.75711298786,1110.51948210422,0
1261.76056698918,1109.10462675913,0
1262.76402099049,1107.68790105615,0
1263.7674749918,1106.26934312155,0
1264.77092899311,1104.84899108164,0
1265.77438299442,1103.42688306272,0
1266.77783699574,1102.00305719108,0
1267.78129099705,1100.57755159301,0
1268.78474499836,1099.15040439482,0
1269.78819899967,1097.72165372279,0
1270.79165300098,1096.29133770323,0
1271.7951070023,1094.85949446243,0
1272.79856100361,1093.42616212668,0
1273.80201500492,1091.99137882228,0
1274.80546900623,1090.55518267554,0
1275.80892300754,1089.11761181273,0
1276.81237700886,1087.67870436017,0
1277.81583101017,1086.23849844413,0
1278.81928501148,1084.79703219093,0
1279.82273901279,1083.35434372686,0
1280.8261930141,1081.91047117821,0
1281.82964701541,1080.46545267127,0
1282.83310101673,1079.01932633235,0
1283.83655501804,1077.57213028774,0
1284.84000901935,1076.12390266374,0
1285.84346302066,1074.67468158664,0
1286.84691702197,1073.22450518274,0
1287.85037102329,1071.77341157832,0
1288.8538250246,1070.3214388997,0
1289.85727902591,1068.86862527317,0
1290.86073302722,1067.41500882501,0
1291.86418702853,1065.96062768153,0
1292.86764102985,1064.50551996903,0
1293.87109503116,1063.04972381379,0
1294.87454903247,1061.59327734212,0
1295.87800303378,1060.1362186803,0
1296.88145703509,1058.67858595465,0
1297.88491103641,1057.22041729144,0
1298.88836503772,1055.76175081699,0
1299.89181903903,1054.30262465757,0
1300.89527304034,1052.8430769395,0
1301.89872704165,1051.38314578906,0
1302.90218104296,1049.92286933255,0
1303.90563504428,1048.46228569628,0
1304.90908904559,1047.00143300652,0
1305.9125430469,1045.54034938958,0
1306.91599704821,1044.07907297176,0
1307.91945104952,1042.61764187935,0
1308.92290505084,1041.15609423864,0
1309.92635905215,1039.69446817594,0
1310.92981305346,1038.23280181753,0
1311.93326705477,1036.77113328972,0
1312.93672105608,1035.3095007188,0
1313.9401750574,1033.84794223106,0
1314.94362905871,1032.38649595281,0
1315.94708306002,1030.92520001033,0
1316.95053706133,1029.46409252993,0
1317.95399106264,1028.00321163789,0
1318.95744506396,1026.54259546052,0
1319.96089906527,1025.08228212412,0
1320.96435306658,1023.62230975496,0
1321.96780706789,1022.16271647936,0
1322.9712610692,1020.70354042361,0
1323.97471507051,1019.24481971401,0
1324.97816907183,1017.78659247684,0
1325.98162307314,1016.32889683841,0
1326.98507707445,1014.87177092501,0
1327.98853107576,1013.41525286294,0
1328.99198507707,1011.95938077849,0
1329.99543907839,1010.50419279797,0
1330.9988930797,1009.04972704766,0
1332.00234708101,1007.59602165385,0
1333.00580108232,1006.14311474286,0
1334.00925508363,1004.69104444097,0
1335.01270908495,1003.23984887448,0
1336.01616308626,1001.78956616968,0
1337.01961708757,1000.34023445287,0
1338.02307108888,998.891891850351,0
1339.02652509019,997.444576488412,0
1340.02997909151,995.998326493351,0
1341.03343309282,994.553179991464,0
1342.03688709413,993.109175109047,0
1343.04034109544,991.666349972395,0
1344.04379509675,990.224742707806,0
1345.04724909806,988.784391441573,0
1346.05070309938,987.345334299993,0
1347.05415710069,985.907609409363,0
1348.057611102,984.471254895977,0
1349.06106510331,983.036308886133,0
1350.06451910462,981.602809506125,0
1351.06797310594,980.170794882249,0
1352.07142710725,978.740303140802,0
1353.07488110856,977.311372408078,0
1354.07833510987,975.884040810375,0
1355.08178911118,974.458346473988,0
1356.0852431125,973.034327525213,0
1357.08869711381,971.612022090345,0
1358.09215111512,970.191468295681,0
1359.09560511643,968.772704267516,0
1360.09905911774,967.355768132146,0
1361.10251311906,965.940698015868,0
1362.10596712037,964.527532044976,0
1363.10942112168,963.116308345767,0
1364.11287512299,961.707065044537,0
1365.1163291243,960.299840267581,0
1366.11978312561,958.894672141195,0
1367.12323712693,957.491598791676,0
1368.12669112824,956.090658345319,0
1369.13014512955,954.691888928419,0
1370.13359913086,953.295328667274,0
1371.13705313217,951.901015688178,0
1372.14050713349,950.508988117428,0
1373.1439611348,949.119284081318,0
1374.14741513611,947.731941706147,0
1375.15086913742,946.346999118208,0
1376.15432313873,944.964494443798,0
1377.15777714005,943.584465809213,0
1378.16123114136,942.206951340749,0
1379.16468514267,940.831989164701,0
1380.16813914398,939.459617407366,0
1381.17159314529,938.089874195039,0
1382.17504714661,936.722797654016,0
1383.17850114792,935.358425910592,0
1384.18195514923,933.996797091065,0
1385.18540915054,932.637949321729,0
1386.18886315185,931.281920728881,0
1387.19231715317,929.928749438816,0
1388.19577115448,928.578473577831,0
1389.19922515579,927.23113127222,0
1390.2026791571,925.88676064828,0
1391.20613315841,924.545399832308,0
1392.20958715972,923.207086950597,0
1393.21304116104,921.871860129446,0
1394.21649516235,920.539757495149,0
1395.21994916366,919.210817174002,0
1396.22340316497,917.885077292301,0
1397.22685716628,916.562575976342,0
1398.2303111676,915.243351352421,0
1399.23376516891,913.927441546834,0
1400.23721917022,912.614884685876,0
1401.24067317153,911.305718895843,0
1402.24412717284,909.999982303032,0
1403.24758117416,908.697713033738,0
1404.25103517547,907.398949214257,0
1405.25448917678,906.103728970884,0
1406.25794317809,904.812090429917,0
1407.2613971794,903.524071717649,0
1408.26485118071,902.239710960379,0
1409.26830518203,900.9590462844,0
1410.27175918334,899.68211581601,0
1411.27521318465,898.408957681504,0
1412.27866718596,897.139610007177,0
1413.28212118727,895.874110919326,0
1414.28557518859,894.612498544247,0
1415.2890291899,893.354811008235,0
1416.29248319121,892.101086437586,0
1417.29593719252,890.851362958596,0
1418.29939119383,889.605678697562,0
1419.30284519515,888.364071780778,0
1420.30629919646,887.126580334541,0
1421.30975319777,885.893242485147,0
1422.31320719908,884.66409635889,0
1423.31666120039,883.439180082069,0
1424.32011520171,882.218531780977,0
1425.32356920302,881.002189581911,0
1426.32702320433,879.790191611167,0
1427.33047720564,878.582575995041,0
1428.33393120695,877.379380859829,0
1429.33738520827,876.180644331826,0
1430.34083920958,874.986404537328,0
1431.34429321089,873.796699602631,0
1432.3477472122,872.611567654031,0
1433.35120121351,871.431046817824,0
1434.35465521482,870.255175220306,0
1435.35810921614,869.083990987772,0
1436.36156321745,867.917532246519,0
1437.36501721876,866.755837122842,0
1438.36847122007,865.598943743037,0
1439.37192522138,864.446890233401,0
1440.3753792227,863.299714720228,0
1441.37883322401,862.157455329815,0
1442.38228722532,861.020150188457,0
1443.38574122663,859.887837422451,0
1444.38919522794,858.760555158092,0
1445.39264922926,857.638341521676,0
1446.39610323057,856.521234639499,0
1447.39955723188,855.409272637857,0
1448.40301123319,854.302493643046,0
1449.4064652345,853.200935781361,0
1450.40991923582,852.104637179099,0
1451.41337323713,851.013635962556,0
1452.41682723844,849.927970258026,0
1453.42028123975,848.847678191806,0
1454.42373524106,847.772797890193,0
1455.42718924237,846.70336747948,0
1456.43064324369,845.639425085966,0
1457.434097245,844.581008835945,0
1458.43755124631,843.528156855713,0
1459.44100524762,842.480907271566,0
1460.44445924893,841.439298209801,0
1461.44791325025,840.403367796712,0
1462.45136725156,839.373154158596,0
1463.45482125287,838.348695421749,0
1464.45827525418,837.330029712466,0
1465.46172925549,836.317195157044,0
1466.46518325681,835.310229881777,0
1467.46863725812,834.309172012963,0
1468.47209125943,833.314059676896,0
1469.47554526074,832.324930999873,0
1470.47899926205,831.34182410819,0
1471.48245326336,830.364777128143,0
1472.48278123975,829.395345384789,0
1473.48310921614,828.428982431671,0
1474.48343719252,827.465680492321,0
1475.48376516891,826.505431805062,0
1476.48409314529,825.548228622986,0
1477.48442112168,824.594063213937,0
1478.48474909806,823.642927860492,0
1479.48507707445,822.69481485994,0
1480.48540505084,821.749716524268,0
1481.48573302722,820.807625180137,0
1482.48606100361,819.868533168866,0
1483.48638897999,818.932432846414,0
1484.48671695638,817.99931658336,0
1485.48704493276,817.069176764886,0
1486.48737290915,816.142005790754,0
1487.48770088554,815.217796075293,0
1488.48802886192,814.296540047378,0
1489.48835683831,813.378230150411,0
1490.48868481469,812.4628588423,0
1491.48901279108,811.550418595447,0
1492.48934076746,810.640901896723,0
1493.48966874385,809.734301247454,0
1494.48999672024,808.830609163397,0
1495.49032469662,807.929818174729,0
1496.49065267301,807.031920826021,0
1497.49098064939,806.136909676225,0
1498.49130862578,805.244777298653,0
1499.49163660216,804.355516280956,0
1500.49196457855,803.469119225113,0
1501.49229255494,802.585578747405,0
1502.49262053132,801.704887478399,0
1503.49294850771,800.827038062933,0
1504.49327648409,799.952023160091,0
1505.49360446048,799.079835443191,0
1506.49393243686,798.210467599762,0
1507.49426041325,797.343912331528,0
1508.49458838964,796.480162354389,0
1509.49491636602,795.619210398402,0
1510.49524434241,794.761049207765,0
1511.49557231879,793.905671540795,0
1512.49590029518,793.053070169913,0
1513.49622827156,792.203237881623,0
1514.49655624795,791.356167476496,0
1515.49688422434,790.51185176915,0
1516.49721220072,789.670283588232,0
1517.49754017711,788.831455776401,0
1518.49786815349,787.995361190309,0
1519.49819612988,787.161992700583,0
1520.49852410626,786.331343191804,0
1521.49885208265,785.503405562493,0
1522.49918005904,784.67817272509,0
1523.49950803542,783.855637605939,0
1524.49983601181,783.035793145264,0
1525.50016398819,782.218632297157,0
1526.50049196458,781.404148029556,0
1527.50081994096,780.592333324229,0
1528.50114791735,779.783181176753,0
1529.50147589374,778.976684596499,0
1530.50180387012,778.172836606614,0
1531.50213184651,777.371630243999,0
1532.50245982289,776.573058559295,0
1533.50278779928,775.777114616862,0
1534.50311577566,774.983791494764,0
1535.50344375205,774.193082284748,0
1536.50377172844,773.404980092228,0
1537.50409970482,772.619478036265,0
1538.50442768121,771.836569249552,0
1539.50475565759,771.056246878392,0
1540.50508363398,770.278504082682,0
1541.50541161036,769.503334035898,0
1542.50573958675,768.730729925071,0
1543.50606756314,767.960684950774,0
1544.50639553952,767.193192327101,0
1545.50672351591,766.428245281652,0
1546.50705149229,765.665837055511,0
1547.50737946868,764.905960903233,0
1548.50770744506,764.148610092821,0
1549.50803542145,763.393777905713,0
1550.50836339784,762.64145763676,0
1551.50869137422,761.891642594211,0
1552.50901935061,761.144326099693,0
1553.50934732699,760.399501488195,0
1554.50967530338,759.657162108049,0
1555.51000327976,758.917301320913,0
1556.51033125615,758.179912501753,0
1557.51065923254,757.444989038822,0
1558.51098720892,756.71252433365,0
1559.51131518531,755.982511801018,0
1560.51164316169,755.254944868944,0
1561.51197113808,754.529816978666,0
1562.51229911446,753.807121584622,0
1563.51262709085,753.086852154434,0
1564.51295506723,752.36900216889,0
1565.51328304362,751.653565121924,0
1566.51361102001,750.940534520604,0
1567.51393899639,750.229903885107,0
1568.51426697278,749.521666748706,0
1569.51459494916,748.815816657753,0
1570.51492292555,748.112347171658,0
1571.51525090193,747.411251862872,0
1572.51557887832,746.712524316874,0
1573.51590685471,746.016158132146,0
1574.51623483109,745.322146920161,0
1575.51656280748,744.630484305364,0
1576.51689078386,743.941163925152,0
1577.51721876025,743.254179429862,0
1578.51754673664,742.569524482746,0
1579.51787471302,741.887192759961,0
1580.51820268941,741.207177950545,0
1581.51853066579,740.529473756403,0
1582.51885864218,739.854073892291,0
1583.51918661856,739.180972085794,0
1584.51951459495,738.510162077312,0
1585.51984257133,737.841637620041,0
1586.52017054772,737.175392479956,0
1587.52049852411,736.511420435794,0
1588.52082650049,735.849715279036,0
1589.52115447688,735.190270813889,0
1590.52148245326,734.533080857271,0
1591.52181042965,733.87813923879,0
1592.52213840603,733.225439800729,0
1593.52246638242,732.574976398029,0
1594.52279435881,731.926742898271,0
1595.52312233519,731.280733181656,0
1596.52345031158,730.636941140994,0
1597.52377828796,729.99536068168,0
1598.52410626435,729.355985721679,0
1599.52443424073,728.718810191513,0
1600.52476221712,728.083828034235,0
1601.52509019351,727.45103320542,0
1602.52541816989,726.820419673144,0
1603.52574614628,726.191981417966,0
1604.52607412266,725.565712432913,0
1605.52640209905,724.94160672346,0
1606.52673007543,724.319658307517,0
1607.52705805182,723.699861215406,0
1608.52738602821,723.082209489852,0
1609.52771400459,722.466697185955,0
1610.52804198098,721.853318371183,0
1611.52836995736,721.242067125349,0
1612.52869793375,720.632937540596,0
1613.52902591013,720.025923721378,0
1614.52935388652,719.421019784446,0
1615.52968186291,718.818219858827,0
1616.53000983929,718.217518085811,0
1617.53033781568,717.618908618931,0
1618.53066579206,717.022385623947,0
1619.53099376845,716.427943278829,0
1620.53132174483,715.835575773739,0
1621.53164972122,715.245277311015,0
1622.53197769761,714.657042105153,0
1623.53230567399,714.070864382793,0
1624.53263365038,713.486738382697,0
1625.53296162676,712.904658355736,0
1626.53328960315,712.324618564872,0
1627.53361757953,711.74661328514,0
1628.53394555592,711.170636803631,0
1629.53427353231,710.596683419478,0
1630.53460150869,710.024747443835,0
1631.53492948508,709.454823199862,0
1632.53525746146,708.886905022711,0
1633.53558543785,708.320987259502,0
1634.53591341423,707.757064269314,0
1635.53624139062,707.195130423161,0
1636.53656936701,706.635180103982,0
1637.53689734339,706.077207706618,0
1638.53722531978,705.521207637799,0
1639.53755329616,704.967174316127,0
1640.53788127255,704.415102172057,0
1641.53820924893,703.864985647882,0
1642.53853722532,703.316819197716,0
1643.53886520171,702.770597287476,0
1644.53919317809,702.226314394867,0
1645.53952115448,701.683965009364,0
1646.53984913086,701.143543632197,0
1647.54017710725,700.60504477633,0
1648.54050508363,700.06846296645,0
1649.54083306002,699.533792738947,0
1650.54116103641,699.001028641898,0
1651.54148901279,698.470165235048,0
1652.54181698918,697.941197089798,0
1653.54214496556,697.414118789186,0
1654.54247294195,696.888924927867,0
1655.54280091833,696.365610112105,0
1656.54312889472,695.844168959746,0
1657.54345687111,695.324596100207,0
1658.54378484749,694.806886174463,0
1659.54411282388,694.291033835021,0
1660.54444080026,693.777033745911,0
1661.54476877665,693.264880582668,0
1662.54509675303,692.754569032313,0
1663.54542472942,692.246093793337,0
1664.5457527058,691.739449575689,0
1665.54608068219,691.234631100752,0
1666.54640865858,690.731633101333,0
1667.54673663496,690.230450321643,0
1668.54706461135,689.731077517281,0
1669.54739258773,689.23350945522,0
1670.54772056412,688.737740913787,0
1671.54804854051,688.243766682647,0
1672.54837651689,687.751581562791,0
1673.54870449328,687.261180366512,0
1674.54903246966,686.772557917398,0
1675.54936044605,686.285709050306,0
1676.54968842243,685.800628611352,0
1677.55001639882,685.317311457893,0
1678.5503443752,684.83575245851,0
1679.55067235159,684.355946492992,0
1680.55100032798,683.877888452319,0
1681.55132830436,683.401573238648,0
1682.55165628075,682.926995765294,0
1683.55198425713,682.454150956715,0
1684.55231223352,681.983033748496,0
1685.5526402099,681.51363908733,0
1686.55296818629,681.045961931008,0
1687.55329616268,680.579997248394,0
1688.55362413906,680.115740019418,0
1689.55395211545,679.653185235053,0
1690.55428009183,679.192327897299,0
1691.55460806822,678.733163019174,0
1692.5549360446,678.275685624687,0
1693.55526402099,677.819890748832,0
1694.55559199738,677.365773437565,0
1695.55591997376,676.91332874779,0
1696.55624795015,676.462551747344,0
1697.55657592653,676.01343751498,0
1698.55690390292,675.56598114035,0
1699.5572318793,675.12017772399,0
1700.55755985569,674.676022377303,0
1701.55788783208,674.233510222545,0
1702.55821580846,673.792636392806,0
1703.55854378485,673.353396031995,0
1704.55887176123,672.915784294825,0
1705.55919973762,672.479796346798,0
1706.559527714,672.045427364185,0
1707.55985569039,671.612672534011,0
1708.56018366678,671.181527054045,0
1709.56051164316,670.751986132774,0
1710.56083961955,670.324044989396,0
1711.56116759593,669.897698853798,0
1712.56149557232,669.472942966544,0
1713.5618235487,669.049772578856,0
1714.56215152509,668.628182952601,0
1715.56247950148,668.208169360273,0
1716.56280747786,667.789727084976,0
1717.56313545425,667.372851420413,0
1718.56346343063,666.957537670864,0
1719.56379140702,666.543781151175,0
1720.5641193834,666.131577186738,0
1721.56444735979,665.720921113481,0
1722.56477533618,665.311808277845,0
1723.56510331256,664.904234036772,0
1724.56543128895,664.498193757691,0
1725.56575926533,664.093682818499,0
1726.56608724172,663.690696607546,0
1727.5664152181,663.28923052362,0
1728.56674319449,662.889279975929,0
1729.56707117088,662.49084038409,0
1730.56739914726,662.093907178109,0
1731.56772712365,661.698475798365,0
1732.56805510003,661.304541695598,0
1733.56838307642,660.912100330891,0
1734.5687110528,660.521147175652,0
1735.56903902919,660.131677711604,0
1736.56936700558,659.743687430764,0
1737.56969498196,659.357171835431,0
1738.57002295835,658.972126438166,0
1739.57035093473,658.588546761784,0
1740.57067891112,658.206428339327,0
1741.5710068875,657.825766714062,0
1742.57133486389,657.446557439453,0
1743.57166284028,657.068796079154,0
1744.57199081666,656.692478206988,0
1745.57231879305,656.317599406935,0
1746.57264676943,655.944155273114,0
1747.57297474582,655.572141409771,0
1748.5733027222,655.201553431259,0
1749.57363069859,654.832386962023,0
1750.57395867498,654.464637636591,0
1751.57428665136,654.098301099547,0
1752.57461462775,653.733373005529,0
1753.57494260413,653.369849019201,0
1754.57527058052,653.007724815247,0
1755.5755985569,652.646996078348,0
1756.57592653329,652.287658503174,0
1757.57625450968,651.929707794363,0
1758.57658248606,651.573139666508,0
1759.57691046245,651.21794984414,0
1760.57723843883,650.864134061715,0
1761.57756641522,650.511688063598,0
1762.5778943916,650.160607604044,0
1763.57822236799,649.810888447189,0
1764.57855034438,649.462526367029,0
1765.57887832076,649.115517147409,0
1766.57920629715,648.769856582003,0
1767.57953427353,648.425540474304,0
1768.57986224992,648.082564637604,0
1769.5801902263,647.740924894984,0
1770.58051820269,647.400617079291,0
1771.58084617908,647.061637033131,0
1772.58117415546,646.723980608848,0
1773.58150213185,646.387643668512,0
1774.58183010823,646.052622083904,0
1775.58215808462,645.718911736495,0
1776.582486061,645.38650851744,0
1777.58281403739,645.055408327555,0
1778.58314201377,644.725607077307,0
1779.58346999016,644.397100686794,0
1780.58379796655,644.069885085737,0
1781.58412594293,643.743956213456,0
1782.58445391932,643.419310018862,0
1783.5847818957,643.095942460438,0
1784.58510987209,642.773849506226,0
1785.58543784847,642.453027133811,0
1786.58576582486,642.133471330306,0
1787.58609380125,641.815178092335,0
1788.58642177763,641.498143426024,0
1789.58674975402,641.182363346979,0
1790.5870777304,640.867833880273,0
1791.58740570679,640.554551060435,0
1792.58773368317,640.242510931429,0
1793.58806165956,639.931709546644,0
1794.58838963595,639.622142968875,0
1795.58871761233,639.313807270311,0
1796.58904558872,639.006698532519,0
1797.5893735651,638.700812846428,0
1798.58970154149,638.396146312317,0
1799.59002951787,638.092695039797,0
1800.59035749426,637.790455147797,0
1801.59068547065,637.489422764549,0
1802.59101344703,637.189594027576,0
1803.59134142342,636.890965083672,0
1804.5916693998,636.59353208889,0
1805.59199737619,636.29729120853,0
1806.59232535257,636.002238617116,0
1807.59265332896,635.708370498391,0
1808.59298130535,635.415683045296,0
1809.59330928173,635.124172459955,0
1810.59363725812,634.833834953664,0
1811.5939652345,634.544666746872,0
1812.59429321089,634.256664069172,0
1813.59462118727,633.969823159279,0
1814.59494916366,633.68414026502,0
1815.59527714005,633.39961164332,0
1816.59560511643,633.116233560182,0
1817.59593309282,632.834002290679,0
1818.5962610692,632.552914118934,0
1819.59658904559,632.272965338108,0
1820.59691702197,631.994152250386,0
1821.59724499836,631.716471166959,0
1822.59757297475,631.439918408012,0
1823.59790095113,631.164490302709,0
1824.59822892752,630.89018318918,0
1825.5985569039,630.616993414502,0
1826.59888488029,630.344917334687,0
1827.59921285667,630.073951314669,0
1828.59954083306,629.804091728287,0
1829.59986880945,629.535334958272,0
1830.60019678583,629.267677396231,0
1831.60052476222,629.001115442632,0
1832.6008527386,628.735645506793,0
1833.60118071499,628.471264006865,0
1834.60150869137,628.207967369815,0
1835.60183666776,627.945752031417,0
1836.60216464415,627.684614436234,0
1837.60249262053,627.424551037603,0
1838.60282059692,627.165558297624,0
1839.6031485733,626.907632687141,0
1840.60347654969,626.650770685731,0
1841.60380452607,626.394968781689,0
1842.60413250246,626.140223472012,0
1843.60446047885,625.886531262388,0
1844.60478845523,625.633888667175,0
1845.60511643162,625.382292209396,0
1846.605444408,625.131738420715,0
1847.60577238439,624.882223841432,0
1848.60610036077,624.633745020459,0
1849.60642833716,624.386298515315,0
1850.60675631355,624.139880892105,0
1851.60708428993,623.894488725507,0
1852.60741226632,623.650118598761,0
1853.6077402427,623.406767103652,0
1854.60806821909,623.164430840496,0
1855.60839619547,622.923106418124,0
1856.60872417186,622.682790453873,0
1857.60905214825,622.443479573566,0
1858.60938012463,622.205170411502,0
1859.60970810102,621.967859610438,0
1860.6100360774,621.731543821579,0
1861.61036405379,621.496219704561,0
1862.61069203017,621.261883927437,0
1863.61102000656,621.028533166664,0
1864.61134798295,620.796164107088,0
1865.61167595933,620.56477344193,0
1866.61200393572,620.334357872772,0
1867.6123319121,620.104914109543,0
1868.61265988849,619.876438870505,0
1869.61298786487,619.648928882239,0
1870.61331584126,619.422380879629,0
1871.61364381764,619.196791605852,0
1872.61397179403,618.97215781236,0
1873.61429977042,618.748476258867,0
1874.6146277468,618.525743713338,0
1875.61495572319,618.303956951969,0
1876.61528369957,618.08311275918,0
1877.61561167596,617.863207927595,0
1878.61593965234,617.644239258031,0
1879.61626762873,617.426203559485,0
1880.61659560512,617.209097649116,0
1881.6169235815,616.992918352236,0
1882.61725155789,616.777662502293,0
1883.61757953427,616.563326940858,0
1884.61790751066,616.34990851761,0
1885.61823548705,616.137404090324,0
1886.61856346343,615.925810524856,0
1887.61889143982,615.715124695129,0
1888.6192194162,615.50534348312,0
1889.61954739259,615.296463778844,0
1890.61987536897,615.088482480344,0
1891.62020334536,614.881396493673,0
1892.62053132174,614.675202732884,0
1893.62085929813,614.469898120013,0
1894.62118727452,614.265479585067,0
1895.6215152509,614.061944066009,0
1896.62184322729,613.859288508747,0
1897.62217120367,613.657509867115,0
1898.62249918006,613.456605102866,0
1899.62282715644,613.256571185653,0
1900.62315513283,613.057405093017,0
1901.62348310922,612.859103810374,0
1902.6238110856,612.661664331,0
1903.62413906199,612.46508365602,0
1904.62446703837,612.269358794389,0
1905.62479501476,612.074486762885,0
1906.62512299114,611.880464586091,0
1907.62545096753,611.68728929638,0
1908.62577894392,611.494957933908,0
1909.6261069203,611.303467546594,0
1910.62643489669,611.112815190108,0
1911.62676287307,610.922997927858,0
1912.62709084946,610.73401283098,0
1913.62741882584,610.545856978315,0
1914.62774680223,610.358527456408,0
1915.62807477862,610.172021359482,0
1916.628402755,609.986335789433,0
1917.62873073139,609.801467855815,0
1918.62905870777,609.617414675823,0
1919.62938668416,609.434173374282,0
1920.62971466054,609.251741083635,0
1921.63004263693,609.070114943927,0
1922.63037061332,608.889292102792,0
1923.6306985897,608.70926971544,0
1924.63102656609,608.530044944645,0
1925.63135454247,608.351614960728,0
1926.63168251886,608.173976941548,0
1927.63201049524,607.997128072484,0
1928.63233847163,607.821065546426,0
1929.63266644802,607.645786563759,0
1930.6329944244,607.471288332349,0
1931.63332240079,607.297568067533,0
1932.63365037717,607.124622992102,0
1933.63397835356,606.952450336291,0
1934.63430632994,606.781047337761,0
1935.63463430633,606.610411241592,0
1936.63496228272,606.440539300264,0
1937.6352902591,606.271428773648,0
1938.63561823549,606.103076928988,0
1939.63594621187,605.935481040894,0
1940.63627418826,605.768638391323,0
1941.63660216464,605.602546269569,0
1942.63693014103,605.437201972249,0
1943.63725811742,605.27260280329,0
1944.6375860938,605.108746073915,0
1945.63791407019,604.945629102629,0
1946.63824204657,604.78324921521,0
1947.63857002296,604.621603744692,0
1948.63889799934,604.460690031352,0
1949.63922597573,604.300505422698,0
1950.63955395211,604.141047273457,0
1951.6398819285,603.982312945559,0
1952.64020990489,603.824299808126,0
1953.64053788127,603.667005237459,0
1954.64086585766,603.510426617023,0
1955.64119383404,603.354561337436,0
1956.64152181043,603.199406796456,0
1957.64184978682,603.044960398965,0
1958.6421777632,602.891219556962,0
1959.64250573959,602.738181689541,0
1960.64283371597,602.585844222887,0
1961.64316169236,602.434204590258,0
1962.64348966874,602.283260231972,0
1963.64381764513,602.133008595398,0
1964.64414562152,601.983447134938,0
1965.6444735979,601.834573312017,0
1966.64480157429,601.686384595069,0
1967.64512955067,601.538878459525,0
1968.64545752706,601.392052387799,0
1969.64578550344,601.245903869278,0
1970.64611347983,601.100430400302,0
1971.64644145621,600.955629484162,0
1972.6467694326,600.811498631075,0
1973.64709740899,600.668035358183,0
1974.64742538537,600.525237189529,0
1975.64775336176,600.383101656055,0
1976.64808133814,600.241626295579,0
1977.64840931453,600.10080865279,0
1978.64873729092,599.960646279231,0
1979.6490652673,599.821136733288,0
1980.64939324369,599.682277580175,0
1981.64972122007,599.544066391927,0
1982.65004919646,599.406500747378,0
1983.65037717284,599.269578232157,0
1984.65070514923,599.133296438672,0
1985.65103312561,598.997652966093,0
1986.651361102,598.862645420349,0
1987.65168907839,598.728271414106,0
1988.65201705477,598.594528566758,0
1989.65234503116,598.461414504416,0
1990.65267300754,598.328926859894,0
1991.65300098393,598.197063272693,0
1992.65332896031,598.065821388996,0
1993.6536569367,597.935198861647,0
1994.65398491309,597.805193350144,0
1995.65431288947,597.675802520626,0
1996.65464086586,597.547024045856,0
1997.65496884224,597.418855605214,0
1998.65529681863,597.291294884682,0
1999.65562479501,597.164339576829,0
2000.6559527714,597.037987380805,0
2001.65628074779,596.912236002321,0
2002.65660872417,596.787083153642,0
2003.65693670056,596.662526553571,0
2004.65726467694,596.538563927439,0
2005.65759265333,596.415193007093,0
2006.65792062971,596.292411530878,0
2007.6582486061,596.170217243633,0
2008.65857658249,596.048607896671,0
2009.65890455887,595.927581247773,0
2010.65923253526,595.807135061169,0
2011.65956051164,595.687267107531,0
2012.65988848803,595.567975163959,0
2013.66021646441,595.449257013968,0
2014.6605444408,595.331110447474,0
2015.66087241719,595.213533260787,0
2016.66120039357,595.096523256592,0
2017.66152836996,594.980078243942,0
2018.66185634634,594.864196038243,0
2019.66218432273,594.748874461243,0
2020.66251229911,594.634111341016,0
2021.6628402755,594.519904511959,0
2022.66316825189,594.406251814766,0
2023.66349622827,594.293151096429,0
2024.66382420466,594.180600210218,0
2025.66415218104,594.068597015671,0
2026.66448015743,593.95713937858,0
2027.66480813381,593.846225170983,0
2028.6651361102,593.735852271148,0
2029.66546408659,593.626018563563,0
2030.66579206297,593.51672193892,0
2031.66612003936,593.407960294109,0
2032.66644801574,593.299731532202,0
2033.66677599213,593.192033562439,0
2034.66710396851,593.084864300221,0
2035.6674319449,592.978221667095,0
2036.66775992129,592.87210359074,0
2037.66808789767,592.76650800496,0
2038.66841587406,592.661432849667,0
2039.66874385044,592.556876070871,0
2040.66907182683,592.452835620669,0
2041.66939980321,592.34930945723,0
2042.6697277796,592.246295544788,0
2043.67005575599,592.143791853624,0
2044.67038373237,592.041796360057,0
2045.67071170876,591.940307046433,0
2046.67103968514,591.839321901111,0
2047.67136766153,591.738838918454,0
2048.67169563791,591.638856098811,0
2049.6720236143,591.539371448512,0
2050.67235159069,591.440382979854,0
2051.67267956707,591.341888711084,0
2052.67300754346,591.243886666395,0
2053.67333551984,591.14637487591,0
2054.67366349623,591.049351375668,0
2055.67399147261,590.952814207618,0
2056.674319449,590.856761419601,0
2057.67464742539,590.761191065342,0
2058.67497540177,590.666101204438,0
2059.67530337816,590.571489902344,0
2060.67563135454,590.477355230363,0
2061.67595933093,590.383695265633,0
2062.67628730731,590.290508091118,0
2063.6766152837,590.197791795591,0
2064.67694326008,590.105544473628,0
2065.67727123647,590.013764225593,0
2066.67759921286,589.922449157626,0
2067.67792718924,589.831597381632,0
2068.67825516563,589.741207015271,0
2069.67858314201,589.651276181944,0
2070.6789111184,589.561803010782,0
2071.67923909478,589.472785636635,0
2072.67956707117,589.384222200057,0
2073.67989504756,589.296110847301,0
2074.68022302394,589.208449730301,0
2075.68055100033,589.121237006664,0
2076.68087897671,589.034470839656,0
2077.6812069531,588.948149398193,0
2078.68153492949,588.862270856826,0
2079.68186290587,588.776833395733,0
2080.68219088226,588.691835200706,0
2081.68251885864,588.607274463138,0
2082.68284683503,588.523149380014,0
2083.68317481141,588.439458153897,0
2084.6835027878,588.356198992919,0
2085.68383076419,588.273370110768,0
2086.68415874057,588.190969726675,0
2087.68448671696,588.108996065406,0
2088.68481469334,588.027447357248,0
2089.68514266973,587.946321837999,0
2090.68547064611,587.865617748954,0
2091.6857986225,587.785333336897,0
2092.68612659888,587.705466854088,0
2093.68645457527,587.626016558251,0
2094.68678255166,587.546980712562,0
2095.68711052804,587.468357585641,0
2096.68743850443,587.390145451537,0
2097.68776648081,587.312342589719,0
2098.6880944572,587.234947285061,0
2099.68842243358,587.157957827836,0
2100.68875040997,587.081372513702,0
2101.68907838636,587.005189643688,0
2102.68940636274,586.929407524189,0
2103.68973433913,586.854024466948,0
2104.69006231551,586.77903878905,0
2105.6903902919,586.704448812906,0
2106.69071826828,586.630252866246,0
2107.69104624467,586.556449282105,0
2108.69137422106,586.483036398815,0
2109.69170219744,586.410012559989,0
2110.69203017383,586.337376114513,0
2111.69235815021,586.265125416535,0
2112.6926861266,586.193258825451,0
2113.69301410298,586.121774705898,0
2114.69334207937,586.050671427738,0
2115.69367005576,585.979947366053,0
2116.69399803214,585.909600901127,0
2117.69432600853,585.83963041844,0
2118.69465398491,585.770034308654,0
2119.6949819613,585.700810967604,0
2120.69530993768,585.631958796285,0
2121.69563791407,585.563476200841,0
2122.69596589046,585.495361592557,0
2123.69629386684,585.427613387844,0
2124.69662184323,585.36023000823,0
2125.69694981961,585.293209880348,0
2126.697277796,585.226551435926,0
2127.69760577238,585.160253111777,0
2128.69793374877,585.094313349783,0
2129.69826172516,585.028730596892,0
2130.69858970154,584.963503305098,0
2131.69891767793,584.898629931438,0
2132.69924565431,584.834108937977,0
2133.6995736307,584.769938791796,0
2134.69990160708,584.706117964985,0
2135.70022958347,584.642644934629,0
2136.70055755986,584.579518182797,0
2137.70088553624,584.516736196534,0
2138.70121351263,584.454297467847,0
2139.70154148901,584.392200493695,0
2140.7018694654,584.33044377598,0
2141.70219744178,584.269025821533,0
2142.70252541817,584.207945142105,0
2143.70285339456,584.147200254358,0
2144.70318137094,584.08678967985,0
2145.70350934733,584.026711945028,0
2146.70383732371,583.966965581213,0
2147.7041653001,583.907549124595,0
2148.70449327648,583.848461116218,0
2149.70482125287,583.789700101969,0
2150.70514922926,583.73126463257,0
2151.70547720564,583.673153263566,0
2152.70580518203,583.615364555313,0
2153.70613315841,583.55789707297,0
2154.7064611348,583.500749386485,0
2155.70678911118,583.443920070588,0
2156.70711708757,583.387407704777,0
2157.70744506396,583.33121087331,0
2158.70777304034,583.275328165192,0
2159.70810101673,583.219758174165,0
2160.70842899311,583.164499498701,0
2161.7087569695,583.109550741984,0
2162.70908494588,583.054910511907,0
2163.70941292227,583.000577421058,0
2164.70974089866,582.946550086707,0
2165.71006887504,582.8928271308,0
2166.71039685143,582.839407179947,0
2167.71072482781,582.786288865409,0
2168.7110528042,582.73347082309,0
2169.71138078058,582.680951693528,0
2170.71170875697,582.628730121879,0
2171.71203673336,582.576804757913,0
2172.71236470974,582.525174255998,0
2173.71269268613,582.473837275093,0
2174.71302066251,582.422792478737,0
2175.7133486389,582.372038535038,0
2176.71367661528,582.321574116662,0
2177.71400459167,582.271397900823,0
2178.71433256805,582.221508569274,0
2179.71466054444,582.171904808295,0
2180.71498852083,582.122585308683,0
2181.71531649721,582.073548765741,0
2182.7156444736,582.02479387927,0
2183.71597244998,581.976319353555,0
2184.71630042637,581.928123897359,0
2185.71662840275,581.880206223908,0
2186.71695637914,581.832565050885,0
2187.71728435553,581.785199100416,0
2188.71761233191,581.738107099063,0
2189.7179403083,581.691287777812,0
2190.71826828468,581.644739872062,0
2191.71859626107,581.598462121617,0
2192.71892423745,581.552453270673,0
2193.71925221384,581.506712067811,0
2194.71958019023,581.461237265983,0
2195.71990816661,581.416027622506,0
2196.720236143,581.371081899047,0
2197.72056411938,581.326398861619,0
2198.72089209577,581.281977280564,0
2199.72122007215,581.237815930548,0
2200.72154804854,581.193913590549,0
2201.72187602493,581.150269043846,0
2202.72220400131,581.106881078009,0
2203.7225319777,581.063748484893,0
2204.72285995408,581.020870060621,0
2205.72318793047,580.97824460558,0
2206.72351590685,580.935870924407,0
2207.72384388324,580.89374782598,0
2208.72417185963,580.85187412341,0
2209.72449983601,580.810248634028,0
2210.7248278124,580.768870179377,0
2211.72515578878,580.727737585201,0
2212.72548376517,580.686849681435,0
2213.72581174155,580.646205302195,0
2214.72613971794,580.605803285769,0
2215.72646769433,580.565642474607,0
2216.72679567071,580.525721715308,0
2217.7271236471,580.486039858616,0
2218.72745162348,580.446595759403,0
2219.72777959987,580.407388276665,0
2220.72810757625,580.368416273509,0
2221.72843555264,580.329678617143,0
2222.72876352903,580.291174178868,0
2223.72909150541,580.252901834066,0
2224.7294194818,580.214860462194,0
2225.72974745818,580.177048946768,0
2226.73007543457,580.139466175358,0
2227.73040341095,580.102111039577,0
2228.73073138734,580.06498243507,0
2229.73105936373,580.028079261507,0
2230.73138734011,579.99140042257,0
2231.7317153165,579.954944825943,0
2232.73204329288,579.918711383308,0
2233.73237126927,579.882699010327,0
2234.73269924565,579.846906626638,0
2235.73302722204,579.811333155844,0
2236.73335519843,579.775977525503,0
2237.73368317481,579.740838667117,0
2238.7340111512,579.705915516125,0
2239.73433912758,579.67120701189,0
2240.73466710397,579.636712097694,0
2241.73499508035,579.602429720722,0
2242.73532305674,579.568358832059,0
2243.73565103313,579.534498386676,0
2244.73597900951,579.500847343421,0
2245.7363069859,579.467404665011,0
2246.73663496228,579.434169318021,0
2247.73696293867,579.401140272875,0
2248.73729091505,579.368316503836,0
2249.73761889144,579.335696988999,0
2250.73794686783,579.303280710275,0
2251.73827484421,579.271066653389,0
2252.7386028206,579.239053807866,0
2253.73893079698,579.207241167023,0
2254.73925877337,579.175627727959,0
2255.73958674975,579.144212491545,0
2256.73991472614,579.112994462416,0
2257.74024270253,579.08197264896,0
2258.74057067891,579.051146063311,0
2259.7408986553,579.020513721336,0
2260.74122663168,578.990074642627,0
2261.74155460807,578.959827850495,0
2262.74188258445,578.929772371954,0
2263.74221056084,578.899907237718,0
2264.74253853723,578.870231482187,0
2265.74286651361,578.84074414344,0
2266.74319449,578.811444263225,0
2267.74352246638,578.782330886951,0
2268.74385044277,578.753403063676,0
2269.74417841915,578.7246598461,0
2270.74450639554,578.696100290554,0
2271.74483437193,578.667723456991,0
2272.74516234831,578.63952840898,0
2273.7454903247,578.611514213691,0
2274.74581830108,578.58367994189,0
2275.74614627747,578.556024667928,0
2276.74647425385,578.528547469733,0
2277.74680223024,578.5012474288,0
2278.74713020663,578.47412363018,0
2279.74745818301,578.447175162475,0
2280.7477861594,578.420401117825,0
2281.74811413578,578.3938005919,0
2282.74844211217,578.367372683893,0
2283.74877008855,578.341116496506,0
2284.74909806494,578.315031135946,0
2285.74942604133,578.289115711914,0
2286.74975401771,578.263369337593,0
2287.7500819941,578.237791129643,0
2288.75040997048,578.212380208191,0
2289.75073794687,578.18713569682,0
2290.75106592325,578.162056722562,0
2291.75139389964,578.137142415888,0
2292.75172187602,578.112391910699,0
2293.75204985241,578.087804344317,0
2294.7523778288,578.063378857475,0
2295.75270580518,578.039114594311,0
2296.75303378157,578.015010702356,0
2297.75336175795,577.991066332526,0
2298.75368973434,577.967280639113,0
2299.75401771072,577.943652779777,0
2300.75434568711,577.920181915534,0
2301.7546736635,577.896867210753,0
2302.75500163988,577.873707833139,0
2303.75532961627,577.850702953732,0
2304.75565759265,577.827851746891,0
2305.75598556904,577.805153390292,0
2306.75631354542,577.782607064913,0
2307.75664152181,577.76021195503,0
2308.7569694982,577.737967248205,0
2309.75729747458,577.715872135277,0
2310.75762545097,577.693925810357,0
2311.75795342735,577.672127470815,0
2312.75828140374,577.650476317271,0
2313.75860938012,577.628971553592,0
2314.75893735651,577.607612386874,0
2315.7592653329,577.586398027444,0
2316.75959330928,577.565327688841,0
2317.75992128567,577.544400587813,0
2318.76024926205,577.523615944309,0
2319.76057723844,577.502972981467,0
2320.76090521482,577.482470925606,0
2321.76123319121,577.462109006219,0
2322.7615611676,577.441886455963,0
2323.76188914398,577.421802510651,0
2324.76221712037,577.401856409242,0
2325.76254509675,577.382047393835,0
2326.76287307314,577.362374709656,0
2327.76320104952,577.342837605054,0
2328.76352902591,577.323435331491,0
2329.7638570023,577.30416714353,0
2330.76418497868,577.285032298834,0
2331.76451295507,577.266030058146,0
2332.76484093145,577.247159685294,0
2333.76516890784,577.228420447171,0
2334.76549688422,577.209811613732,0
2335.76582486061,577.191332457985,0
2336.766152837,577.172982255981,0
2337.76648081338,577.154760286808,0
2338.76680878977,577.13666583258,0
2339.76713676615,577.118698178429,0
2340.76746474254,577.100856612498,0
2341.76779271892,577.08314042593,0
2342.76812069531,577.065548912862,0
2343.7684486717,577.048081370416,0
2344.76877664808,577.030737098689,0
2345.76910462447,577.013515400748,0
2346.76943260085,576.996415582617,0
2347.76976057724,576.979436953271,0
2348.77008855362,576.96257882463,0
2349.77041653001,576.945840511546,0
2350.7707445064,576.929221331798,0
2351.77107248278,576.912720606081,0
2352.77140045917,576.896337658001,0
2353.77172843555,576.880071814066,0
2354.77205641194,576.863922403672,0
2355.77238438832,576.847888759104,0
2356.77271236471,576.831970215521,0
2357.7730403411,576.816166110949,0
2358.77336831748,576.800475786276,0
2359.77369629387,576.784898585238,0
2360.77402427025,576.769433854416,0
2361.77435224664,576.754080943227,0
2362.77468022302,576.738839203911,0
2363.77500819941,576.72370799153,0
2364.7753361758,576.708686663953,0
2365.77566415218,576.693774581854,0
2366.77599212857,576.678971108699,0
2367.77632010495,576.664275610739,0
2368.77664808134,576.649687457006,0
2369.77697605772,576.635206019298,0
2370.77730403411,576.620830672175,0
2371.77763201049,576.606560792951,0
2372.77795998688,576.592395761684,0
2373.77828796327,576.578334961172,0
2374.77861593965,576.564377776937,0
2375.77894391604,576.550523597227,0
2376.77927189242,576.536771813,0
2377.77959986881,576.523121817919,0
2378.7799278452,576.509573008344,0
2379.78025582158,576.496124783324,0
2380.78058379797,576.482776544591,0
2381.78091177435,576.469527696545,0
2382.78123975074,576.456377646254,0
2383.78156772712,576.443325803444,0
2384.78189570351,576.430371580487,0
2385.78222367989,576.417514392398,0
2386.78255165628,576.404753656824,0
2387.78287963267,576.392088794039,0
2388.78320760905,576.379519226932,0
2389.78353558544,576.367044381001,0
2390.78386356182,576.354663684349,0
2391.78419153821,576.34237656767,0
2392.78451951459,576.330182464244,0
2393.78484749098,576.318080809929,0
2394.78517546737,576.306071043153,0
2395.78550344375,576.294152604907,0
2396.78583142014,576.282324938737,0
2397.78615939652,576.270587490733,0
2398.78648737291,576.258939709528,0
2399.78681534929,576.247381046282,0
2400.78714332568,576.23591095468,0
2401.78747130207,576.224528890925,0
2402.78779927845,576.213234313724,0
2403.78812725484,576.202026684287,0
2404.78845523122,576.190905466315,0
2405.78878320761,576.179870125994,0
2406.78911118399,576.168920131987,0
2407.78943916038,576.158054955428,0
2408.78976713677,576.147274069911,0
2409.79009511315,576.136576951484,0
2410.79042308954,576.125963078643,0
2411.79075106592,576.11543193232,0
2412.79107904231,576.104982995883,0
2413.79140701869,576.094615755118,0
2414.79173499508,576.084329698231,0
2415.79206297147,576.074124315835,0
2416.79239094785,576.063999100944,0
2417.79271892424,576.053953548966,0
2418.79304690062,576.043987157693,0
2419.79337487701,576.034099427296,0
2420.79370285339,576.024289860319,0
2421.79403082978,576.014557961666,0
2422.79435880617,576.004903238599,0
2423.79468678255,575.995325200725,0
2424.79501475894,575.985823359997,0
2425.79534273532,575.976397230696,0
2426.79567071171,575.967046329432,0
2427.79599868809,575.957770175133,0
2428.79632666448,575.948568289037,0
2429.79665464087,575.939440194687,0
2430.79698261725,575.93038541792,0
2431.79731059364,575.921403486864,0
2432.79763857002,575.912493931927,0
2433.79796654641,575.903656285792,0
2434.79829452279,575.894890083408,0
2435.79862249918,575.886194861984,0
2436.79895047557,575.87757016098,0
2437.79927845195,575.869015522101,0
2438.79960642834,575.860530489292,0
2439.79993440472,575.852114608723,0
2440.80026238111,575.843767428791,0
2441.80059035749,575.835488500107,0
2442.80091833388,575.827277375491,0
2443.80124631027,575.819133609962,0
2444.80157428665,575.811056760737,0
2445.80190226304,575.803046387214,0
2446.80223023942,575.795102050975,0
2447.80255821581,575.787223315772,0
2448.80288619219,575.779409747522,0
2449.80321416858,575.771660914302,0
2450.80354214497,575.763976386336,0
2451.80387012135,575.756355735994,0
2452.80419809774,575.748798537783,0
2453.80452607412,575.741304368337,0
2454.80485405051,575.733872806413,0
2455.80518202689,575.726503432884,0
2456.80551000328,575.719195830729,0
2457.80583797967,575.71194958503,0
2458.80616595605,575.704764282962,0
2459.80649393244,575.697639513785,0
2460.80682190882,575.690574868841,0
2461.80714988521,575.683569941545,0
2462.80747786159,575.676624327374,0
2463.80780583798,575.669737623869,0
2464.80813381437,575.662909430617,0
2465.80846179075,575.656139349254,0
2466.80878976714,575.649426983451,0
2467.80911774352,575.642771938911,0
2468.80944571991,575.636173823361,0
2469.80977369629,575.629632246544,0
2470.81010167268,575.623146820213,0
2471.81042964906,575.616717158125,0
2472.81075762545,575.610342876031,0
2473.81108560184,575.604023591674,0
2474.81141357822,575.597758924776,0
2475.81174155461,575.591548497037,0
2476.81206953099,575.585391932125,0
2477.81239750738,575.57928885567,0
2478.81272548377,575.573238895256,0
2479.81305346015,575.567241680415,0
2480.81338143654,575.561296842623,0
2481.81370941292,575.555404015286,0
2482.81403738931,575.549562833742,0
2483.81436536569,575.543772935247,0
2484.81469334208,575.538033958973,0
2485.81502131846,575.532345545999,0
2486.81534929485,575.526707339304,0
2487.81567727124,575.521118983761,0
2488.81600524762,575.515580126132,0
2489.81633322401,575.510090415059,0
2490.81666120039,575.504649501055,0
2491.81698917678,575.499257036505,0
2492.81731715316,575.49391267565,0
2493.81764512955,575.488616074588,0
2494.81797310594,575.483366891264,0
2495.81830108232,575.478164785462,0
2496.81862905871,575.473009418801,0
2497.81895703509,575.467900454728,0
2498.81928501148,575.462837558511,0
2499.81961298786,575.45782039723,0
2500.81994096425,575.452848639774,0
2501.82026894064,575.447921956835,0
2502.82059691702,575.443040020897,0
2503.82092489341,575.438202506234,0
2504.82125286979,575.433409088899,0
2505.82158084618,575.428659446723,0
2506.82190882256,575.423953259303,0
2507.82223679895,575.419290208,0
2508.82256477534,575.41466997593,0
2509.82289275172,575.410092247957,0
2510.82322072811,575.40555671069,0
2511.82354870449,575.401063052471,0
2512.82387668088,575.396610963376,0
2513.82420465726,575.3922001352,0
2514.82453263365,575.387830261458,0
2515.82486061004,575.383501037374,0
2516.82518858642,575.379212159877,0
2517.82551656281,575.374963327595,0
2518.82584453919,575.370754240845,0
2519.82617251558,575.366584601631,0
2520.82650049196,575.362454113636,0
2521.82682846835,575.358362482213,0
2522.82715644474,575.354309414385,0
2523.82748442112,575.350294618832,0
2524.82781239751,575.346317805888,0
2525.82814037389,575.342378687536,0
2526.82846835028,575.3384769774,0
2527.82879632666,575.334612390736,0
2528.82912430305,575.330784644432,0
2529.82945227944,575.326993456996,0
2530.82978025582,575.323238548555,0
2531.83010823221,575.319519640843,0
2532.83043620859,575.3158364572,0
2533.83076418498,575.312188722561,0
2534.83109216136,575.308576163457,0
2535.83142013775,575.304998507999,0
2536.83174811414,575.301455485882,0
2537.83207609052,575.29794682837,0
2538.83240406691,575.294472268297,0
2539.83273204329,575.291031540056,0
2540.83306001968,575.287624379595,0
2541.83338799606,575.284250524413,0
2542.83371597245,575.280909713548,0
2543.83404394884,575.277601687577,0
2544.83437192522,575.274326188607,0
2545.83469990161,575.271082960269,0
2546.83502787799,575.267871747713,0
2547.83535585438,575.264692297601,0
2548.83568383076,575.261544358101,0
2549.83601180715,575.258427678883,0
2550.83633978354,575.255342011111,0
2551.83666775992,575.252287107436,0
2552.83699573631,575.249262721994,0
2553.83732371269,575.246268610396,0
2554.83765168908,575.243304529724,0
2555.83797966546,575.240370238525,0
2556.83830764185,575.237465496806,0
2557.83863561824,575.234590066025,0
2558.83896359462,575.231743709088,0
2559.83929157101,575.228926190343,0
2560.83961954739,575.226137275572,0
2561.83994752378,575.223376731989,0
2562.84027550016,575.220644328229,0
2563.84060347655,575.217939834347,0
2564.84093145293,575.215263021808,0
2565.84125942932,575.212613663486,0
2566.84158740571,575.209991533655,0
2567.84191538209,575.207396407981,0
2568.84224335848,575.204828063522,0
2569.84257133486,575.202286278719,0
2570.84289931125,575.199770833389,0
2571.84322728764,575.197281508723,0
2572.84355526402,575.194818087276,0
2573.84388324041,575.192380352964,0
2574.84421121679,575.18996809106,0
2575.84453919318,575.187581088183,0
2576.84486716956,575.185219132296,0
2577.84519514595,575.182882012701,0
2578.84552312234,575.180569520033,0
2579.84585109872,575.17828144625,0
2580.84617907511,575.176017584633,0
2581.84650705149,575.17377772978,0
2582.84683502788,575.171561677595,0
2583.84716300426,575.169369225288,0
2584.84749098065,575.167200171369,0
2585.84781895704,575.165054315638,0
2586.84814693342,575.162931459185,0
2587.84847490981,575.16083140438,0
2588.84880288619,575.158753954871,0
2589.84913086258,575.156698915576,0
2590.84945883896,575.154666092679,0
2591.84978681535,575.152655293622,0
2592.85011479173,575.150666327104,0
2593.85044276812,575.148699003071,0
2594.85077074451,575.146753132714,0
2595.85109872089,575.144828528461,0
2596.85142669728,575.142925003974,0
2597.85175467366,575.141042374141,0
2598.85208265005,575.139180455072,0
2599.85241062643,575.137339064093,0
2600.85273860282,575.135518019743,0
2601.85306657921,575.133717141765,0
2602.85339455559,575.131936251103,0
2603.85372253198,575.130175169895,0
2604.85405050836,575.128433721471,0
2605.85437848475,575.126711730343,0
2606.85470646113,575.125009022204,0
2607.85503443752,575.123325423919,0
2608.85536241391,575.121660763522,0
2609.85569039029,575.120014870211,0
2610.85601836668,575.118387574342,0
2611.85634634306,575.116778707423,0
2612.85667431945,575.11518810211,0
2613.85700229583,575.1136155922,0
2614.85733027222,575.11206101263,0
2615.85765824861,575.110524199465,0
2616.85798622499,575.109004989899,0
2617.85831420138,575.107503222249,0
2618.85864217776,575.106018735944,0
2619.85897015415,575.104551371528,0
2620.85929813053,575.10310097065,0
2621.85962610692,575.101667376059,0
2622.85995408331,575.100250431602,0
2623.86028205969,575.098849982213,0
2624.86061003608,575.097465873915,0
2625.86093801246,575.09609795381,0
2626.86126598885,575.094746070076,0
2627.86159396523,575.093410071962,0
2628.86192194162,575.092089809781,0
2629.86224991801,575.090785134907,0
2630.86257789439,575.089495899769,0
2631.86290587078,575.088221957847,0
2632.86323384716,575.086963163666,0
2633.86356182355,575.085719372791,0
2634.86388979993,575.084490441823,0
2635.86421777632,575.083276228393,0
2636.86454575271,575.082076591157,0
2637.86487372909,575.080891389793,0
2638.86520170548,575.079720484993,0
2639.86552968186,575.078563738461,0
2640.86585765825,575.077421012905,0
2641.86618563463,575.076292172036,0
2642.86651361102,575.07517708056,0
2643.86684158741,575.074075604174,0
2644.86716956379,575.072987609561,0
2645.86749754018,575.071912964386,0
2646.86782551656,575.070851537292,0
2647.86815349295,575.069803197891,0
2648.86848146933,575.068767816764,0
2649.86880944572,575.067745265453,0
2650.86913742211,575.066735416459,0
2651.86946539849,575.065738143235,0
2652.86979337488,575.06475332018,0
2653.87012135126,575.06378082264,0
2654.87044932765,575.062820526896,0
2655.87077730403,575.061872310164,0
2656.87110528042,575.060936050589,0
2657.87143325681,575.060011627241,0
2658.87176123319,575.059098920109,0
2659.87208920958,575.058197810095,0
2660.87241718596,575.057308179015,0
2661.87274516235,575.056429909589,0
2662.87307313873,575.055562885436,0
2663.87340111512,575.054706991075,0
2664.87372909151,575.053862111914,0
2665.87405706789,575.053028134248,0
2666.87438504428,575.052204945258,0
2667.87471302066,575.051392432999,0
2668.87504099705,575.050590486401,0
2669.87536897343,575.049798995263,0
2670.87569694982,575.049017850248,0
2671.87602492621,575.04824694288,0
2672.87635290259,575.047486165536,0
2673.87668087898,575.046735411446,0
2674.87700885536,575.045994574684,0
2675.87733683175,575.045263550168,0
2676.87766480813,575.044542233652,0
2677.87799278452,575.043830521723,0
2678.8783207609,575.043128311797,0
2679.87864873729,575.042435502114,0
2680.87897671368,575.041751991731,0
2681.87930469006,575.041077680525,0
2682.87963266645,575.040412469179,0
2683.87996064283,575.039756259185,0
2684.88028861922,575.039108952835,0
2685.8806165956,575.038470453222,0
2686.88094457199,575.037840664229,0
2687.88127254838,575.037219490529,0
2688.88160052476,575.036606837579,0
2689.88192850115,575.036002611618,0
2690.88225647753,575.035406719658,0
2691.88258445392,575.034819069487,0
2692.88291243031,575.034239569656,0
2693.88324040669,575.033668129481,0
2694.88356838308,575.033104659038,0
2695.88389635946,575.032549069155,0
2696.88422433585,575.032001271413,0
2697.88455231223,575.031461178137,0
2698.88488028862,575.030928702395,0
2699.88520826501,575.030403757993,0
2700.88553624139,575.02988625947,0
2701.88586421778,575.029376122095,0
2702.88619219416,575.028873261861,0
2703.88652017055,575.028377595484,0
2704.88684814693,575.027889040394,0
2705.88717612332,575.027407514738,0
2706.8875040997,575.026932937368,0
2707.88783207609,575.026465227841,0
2708.88816005248,575.026004306418,0
2709.88848802886,575.025550094051,0
2710.88881600525,575.02510251239,0
2711.88914398163,575.024661483768,0
2712.88947195802,575.024226931207,0
2713.8897999344,575.023798778405,0
2714.89012791079,575.023376949739,0
2715.89045588718,575.022961370258,0
2716.89078386356,575.022551965679,0
2717.89111183995,575.022148662381,0
2718.89143981633,575.021751387407,0
2719.89176779272,575.021360068453,0
2720.8920957691,575.02097463387,0
2721.89242374549,575.020595012655,0
2722.89275172188,575.020221134452,0
2723.89307969826,575.019852929543,0
2724.89340767465,575.019490328848,0
2725.89373565103,575.019133263921,0
2726.89406362742,575.018781666942,0
2727.8943916038,575.018435470719,0
2728.89471958019,575.018094608678,0
2729.89504755658,575.017759014867,0
2730.89537553296,575.017428623942,0
2731.89570350935,575.017103371174,0
2732.89603148573,575.016783192435,0
2733.89635946212,575.016468024202,0
2734.8966874385,575.016157803551,0
2735.89701541489,575.015852468151,0
2736.89734339128,575.015551956261,0
2737.89767136766,575.01525620673,0
2738.89799934405,575.014965158986,0
2739.89832732043,575.014678753042,0
2740.89865529682,575.014396929482,0
2741.8989832732,575.014119629465,0
2742.89931124959,575.013846794718,0
2743.89963922598,575.013578367533,0
2744.89996720236,575.013314290761,0
2745.90029517875,575.013054507814,0
2746.90062315513,575.012798962656,0
2747.90095113152,575.0125475998,0
2748.9012791079,575.012300364309,0
2749.90160708429,575.012057201786,0
2750.90193506068,575.011818058375,0
2751.90226303706,575.011582880755,0
2752.90259101345,575.011351616139,0
2753.90291898983,575.011124212266,0
2754.90324696622,575.010900617403,0
2755.9035749426,575.010680780337,0
2756.90390291899,575.010464650373,0
2757.90423089538,575.010252177332,0
2758.90455887176,575.010043311545,0
2759.90488684815,575.009838003852,0
2760.90521482453,575.009636205596,0
2761.90554280092,575.00943786862,0
2762.9058707773,575.009242945266,0
2763.90619875369,575.00905138837,0
2764.90652673008,575.008863151256,0
2765.90685470646,575.008678187739,0
2766.90718268285,575.008496452113,0
2767.90751065923,575.008317899156,0
2768.90783863562,575.008142484121,0
2769.908166612,575.007970162735,0
2770.90849458839,575.007800891195,0
2771.90882256478,575.007634626165,0
2772.90915054116,575.007471324773,0
2773.90947851755,575.007310944605,0
2774.90980649393,575.007153443707,0
2775.91013447032,575.006998780575,0
2776.9104624467,575.00684691416,0
2777.91079042309,575.006697803855,0
2778.91111839948,575.0065514095,0
2779.91144637586,575.006407691374,0
2780.91177435225,575.006266610195,0
2781.91210232863,575.006128127112,0
2782.91243030502,575.005992203709,0
2783.9127582814,575.005858801994,0
2784.91308625779,575.0057278844,0
2785.91341423417,575.005599413784,0
2786.91374221056,575.005473353419,0
2787.91407018695,575.005349666993,0
2788.91439816333,575.005228318605,0
2789.91472613972,575.005109272765,0
2790.9150541161,575.004992494388,0
2791.91538209249,575.00487794879,0
2792.91571006887,575.004765601687,0
2793.91603804526,575.004655419193,0
2794.91636602165,575.004547367813,0
2795.91669399803,575.004441414444,0
2796.91702197442,575.004337526368,0
2797.9173499508,575.004235671254,0
2798.91767792719,575.00413581715,0
2799.91800590357,575.004037932482,0
2800.91833387996,575.003941986054,0
2801.91866185635,575.003847947037,0
2802.91898983273,575.003755784977,0
2803.91931780912,575.003665469782,0
2804.9196457855,575.003576971724,0
2805.91997376189,575.003490261437,0
2806.92030173827,575.003405309912,0
2807.92062971466,575.003322088492,0
2808.92095769105,575.003240568875,0
2809.92128566743,575.003160723105,0
2810.92161364382,575.003082523574,0
2811.9219416202,575.003005943015,0
2812.92226959659,575.002930954503,0
2813.92259757298,575.002857531448,0
2814.92292554936,575.002785647598,0
2815.92325352575,575.002715277028,0
2816.92358150213,575.002646394145,0
2817.92390947852,575.002578973682,0
2818.9242374549,575.002512990693,0
2819.92456543129,575.002448420556,0
2820.92489340767,575.002385238963,0
2821.92522138406,575.002323421923,0
2822.92554936045,575.002262945757,0
2823.92587733683,575.002203787096,0
2824.92620531322,575.002145922876,0
2825.9265332896,575.00208933034,0
2826.92686126599,575.00203398703,0
2827.92718924237,575.001979870786,0
2828.92751721876,575.001926959749,0
2829.92784519515,575.001875232347,0
2830.92817317153,575.001824667303,0
2831.92850114792,575.001775243628,0
2832.9288291243,575.001726940617,0
2833.92915710069,575.001679737848,0
2834.92948507707,575.00163361518,0
2835.92981305346,575.001588552751,0
2836.93014102985,575.001544530972,0
2837.93046900623,575.001501530528,0
2838.93079698262,575.001459532374,0
2839.931124959,575.001418517733,0
2840.93145293539,575.001378468091,0
2841.93178091177,575.0013393652,0
2842.93210888816,575.001301191068,0
2843.93243686455,575.001263927966,0
2844.93276484093,575.001227558413,0
2845.93309281732,575.001192065188,0
2846.9334207937,575.001157431315,0
2847.93374877009,575.001123640068,0
2848.93407674647,575.001090674967,0
2849.93440472286,575.001058519773,0
2850.93473269925,575.001027158488,0
2851.93506067563,575.000996575354,0
2852.93538865202,575.000966754846,0
2853.9357166284,575.000937681676,0
2854.93604460479,575.000909340783,0
2855.93637258117,575.000881717337,0
2856.93670055756,575.000854796735,0
2857.93702853395,575.000828564598,0
2858.93735651033,575.000803006766,0
2859.93768448672,575.000778109301,0
2860.9380124631,575.000753858482,0
2861.93834043949,575.000730240804,0
2862.93866841587,575.000707242971,0
2863.93899639226,575.000684851902,0
2864.93932436865,575.00066305472,0
2865.93965234503,575.000641838758,0
2866.93998032142,575.00062119155,0
2867.9403082978,575.000601100832,0
2868.94063627419,575.000581554539,0
2869.94096425057,575.000562540806,0
2870.94129222696,575.000544047961,0
2871.94162020335,575.000526064523,0
2872.94194817973,575.000508579206,0
2873.94227615612,575.000491580908,0
2874.9426041325,575.000475058719,0
2875.94293210889,575.000459001908,0
2876.94326008527,575.000443399929,0
2877.94358806166,575.000428242418,0
2878.94391603804,575.000413519185,0
2879.94424401443,575.000399220219,0
2880.94457199082,575.000385335684,0
2881.9448999672,575.000371855912,0
2882.94522794359,575.00035877141,0
2883.94555591997,575.00034607285,0
2884.94588389636,575.00033375107,0
2885.94621187275,575.000321797073,0
2886.94653984913,575.000310202024,0
2887.94686782552,575.000298957249,0
2888.9471958019,575.00028805423,0
2889.94752377829,575.000277484607,0
2890.94785175467,575.000267240174,0
2891.94817973106,575.000257312878,0
2892.94850770745,575.000247694815,0
2893.94883568383,575.00023837823,0
2894.94916366022,575.000229355516,0
2895.9494916366,575.00022061921,0
2896.94981961299,575.000212161993,0
2897.95014758937,575.000203976684,0
2898.95047556576,575.000196056247,0
2899.95080354214,575.000188393778,0
2900.95113151853,575.000180982512,0
2901.95145949492,575.000173815817,0
2902.9517874713,575.000166887193,0
2903.95211544769,575.000160190271,0
2904.95244342407,575.00015371881,0
2905.95277140046,575.000147466697,0
2906.95309937684,575.000141427943,0
2907.95342735323,575.000135596683,0
2908.95375532962,575.000129967174,0
2909.954083306,575.000124533793,0
2910.95441128239,575.000119291034,0
2911.95473925877,575.000114233509,0
2912.95506723516,575.000109355947,0
2913.95539521154,575.000104653185,0
2914.95572318793,575.000100120178,0
2915.95605116432,575.000095751986,0
2916.9563791407,575.000091543781,0
2917.95670711709,575.00008749084,0
2918.95703509347,575.000083588547,0
2919.95736306986,575.000079832387,0
2920.95769104624,575.00007621795,0
2921.95801902263,575.000072740925,0
2922.95834699902,575.000069397101,0
2923.9586749754,575.000066182363,0
2924.95900295179,575.000063092695,0
2925.95933092817,575.000060124172,0
2926.95965890456,575.000057272965,0
2927.95998688094,575.000054535335,0
2928.96031485733,575.000051907633,0
2929.96064283372,575.000049386298,0
2930.9609708101,575.00004696786,0
2931.96129878649,575.000044648929,0
2932.96162676287,575.000042426203,0
2933.96195473926,575.000040296464,0
2934.96228271564,575.000038256571,0
2935.96261069203,575.000036303467,0
2936.96293866842,575.000034434173,0
2937.9632666448,575.000032645787,0
2938.96359462119,575.000030935481,0
2939.96392259757,575.000029300505,0
2940.96425057396,575.000027738182,0
2941.96457855034,575.000026245904,0
2942.96490652673,575.000024821137,0
2943.96523450312,575.000023461414,0
2944.9655624795,575.000022164339,0
2945.96589045589,575.000020927581,0
2946.96621843227,575.000019748874,0
2947.96654640866,575.000018626018,0
2948.96687438504,575.000017556876,0
2949.96720236143,575.000016539371,0
2950.96753033782,575.00001557149,0
2951.9678583142,575.000014651276,0
2952.96818629059,575.000013776833,0
2953.96851426697,575.000012946322,0
2954.96884224336,575.000012157958,0
2955.96917021974,575.000011410012,0
2956.96949819613,575.000010700811,0
2957.96982617252,575.000010028731,0
2958.9701541489,575.0000093922,0
2959.97048212529,575.0000087897,0
2960.97081010167,575.000008219758,0
2961.97113807806,575.000007680952,0
2962.97146605444,575.000007171905,0
2963.97179403083,575.000006691288,0
2964.97212200722,575.000006237816,0
2965.9724499836,575.000005810249,0
2966.97277795999,575.000005407388,0
2967.97310593637,575.000005028079,0
2968.97343391276,575.000004671207,0
2969.97376188914,575.000004335697,0
2970.97408986553,575.000004020514,0
2971.97441784192,575.00000372466,0
2972.9747458183,575.000003447175,0
2973.97507379469,575.000003187136,0
2974.97540177107,575.000002943653,0
2975.97572974746,575.000002715872,0
2976.97605772384,575.000002502973,0
2977.97638570023,575.000002304167,0
2978.97671367662,575.000002118698,0
2979.977041653,575.00000194584,0
2980.97736962939,575.000001784898,0
2981.97769760577,575.000001635206,0
2982.97802558216,575.000001496125,0
2983.97835355854,575.000001367044,0
2984.97868153493,575.000001247381,0
2985.97900951132,575.000001136577,0
2986.9793374877,575.000001034099,0
2987.97966546409,575.00000093944,0
2988.97999344047,575.000000852115,0
2989.98032141686,575.000000771661,0
2990.98064939324,575.000000697639,0
2991.98097736963,575.000000629632,0
2992.98130534602,575.000000567241,0
2993.9816333224,575.00000051009,0
2994.98196129879,575.00000045782,0
2995.98228927517,575.000000410092,0
2996.98261725156,575.000000366584,0
2997.98294522794,575.000000326993,0
2998.98327320433,575.000000291031,0
2999.98360118071,575.000000258428,0
3000.9839291571,575.000000228926,0
3001.98425713349,575.000000202286,0
3002.98458510987,575.000000178281,0
3003.98491308626,575.000000156699,0
3004.98524106264,575.000000137339,0
3005.98556903903,575.000000120015,0
3006.98589701541,575.000000104551,0
3007.9862249918,575.000000090785,0
3008.98655296819,575.000000078564,0
3009.98688094457,575.000000067745,0
3010.98720892096,575.000000058198,0
3011.98753689734,575.000000049799,0
3012.98786487373,575.000000042435,0
3013.98819285011,575.000000036003,0
3014.9885208265,575.000000030404,0
3015.98884880289,575.00000002555,0
3016.98917677927,575.00000002136,0
3017.98950475566,575.000000017759,0
3018.98983273204,575.000000014679,0
3019.99016070843,575.000000012057,0
3020.99048868481,575.000000009838,0
3021.9908166612,575.00000000797,0
3022.99114463759,575.000000006408,0
3023.99147261397,575.000000005109,0
3024.99180059036,575.000000004038,0
3025.99212856674,575.000000003161,0
3026.99245654313,575.000000002448,0
3027.99278451951,575.000000001875,0
3028.9931124959,575.000000001418,0
3029.99344047229,575.000000001058,0
3030.99376844867,575.000000000778,0
3031.99409642506,575.000000000563,0
3032.99442440144,575.000000000399,0
3033.99475237783,575.000000000277,0
3034.99508035421,575.000000000188,0
3035.9954083306,575.000000000124,0
3036.99573630699,575.00000000008,0
3037.99606428337,575.000000000049,0
3038.99639225976,575.000000000029,0
3039.99672023614,575.000000000016,0
3040.99704821253,575.000000000009,0
3041.99737618891,575.000000000004,0
3042.9977041653,575.000000000002,0
3043.99803214169,575.000000000001,0
3044.99836011807,575,0
3045.99868809446,575,0
3046.99901607084,575,0
3047.99934404723,575,0
3048.99967202361,575,0
3050,575,0
